"BILLING_ID","POLICY_ID","CUSTOMER_ID","INVOICE_DATE","DUE_DATE","AMOUNT_DUE","AMOUNT_PAID","OUTSTANDING_BALANCE","PAYMENT_STATUS","PAYMENT_METHOD","PAYMENT_DATE","LATE_FEE","CREATED_AT"
"BILL-00000","POL-00004","CUST-00148","2026-07-22","2026-08-26",4851.00,3809.00,12237.00,"Paid","Credit Card","2026-08-16",0.00,"2026-09-08 22:19:52.815"
"BILL-00001","POL-00059","CUST-00173","2026-07-24","2026-05-14",2906.00,1599.00,0.00,"Paid","Bank Transfer","2026-09-05",0.00,"2026-09-08 22:19:52.815"
"BILL-00002","POL-00036","CUST-00116","2026-09-02","2026-08-03",2473.00,1850.00,0.00,"Paid","Auto-Debit","2026-08-27",0.00,"2026-09-08 22:19:52.815"
"BILL-00003","POL-00236","CUST-00195","2026-03-14","2026-04-14",397.00,0.00,6458.00,"Overdue","Check",,124.00,"2026-09-08 22:19:52.815"
"BILL-00004","POL-00207","CUST-00172","2026-08-21","2026-05-08",2744.00,0.00,8000.00,"Pending","Credit Card",,150.00,"2026-09-08 22:19:52.815"
"BILL-00005","POL-00222","CUST-00038","2026-06-24","2026-05-15",3137.00,3126.00,0.00,"Paid","Bank Transfer","2026-08-13",0.00,"2026-09-08 22:19:52.815"
"BILL-00006","POL-00181","CUST-00150","2026-04-17","2026-05-01",1458.00,1631.00,0.00,"Paid","Auto-Debit","2026-08-10",0.00,"2026-09-08 22:19:52.815"
"BILL-00007","POL-00063","CUST-00099","2026-09-03","2026-05-30",4803.00,707.00,0.00,"Paid","Check","2026-08-11",0.00,"2026-09-08 22:19:52.815"
"BILL-00008","POL-00072","CUST-00088","2026-08-28","2026-05-27",2694.00,0.00,3806.00,"Overdue","Credit Card",,83.00,"2026-09-08 22:19:52.815"
"BILL-00009","POL-00125","CUST-00031","2026-07-08","2026-06-07",3438.00,0.00,4789.00,"Pending","Bank Transfer",,33.00,"2026-09-08 22:19:52.815"
"BILL-00010","POL-00100","CUST-00187","2026-07-27","2026-08-12",3724.00,2874.00,16804.00,"Paid","Auto-Debit","2026-08-12",0.00,"2026-09-08 22:19:52.815"
"BILL-00011","POL-00294","CUST-00125","2026-06-11","2026-08-05",1301.00,1119.00,0.00,"Paid","Check","2026-09-02",0.00,"2026-09-08 22:19:52.815"
"BILL-00012","POL-00080","CUST-00169","2026-04-16","2026-04-26",2245.00,4556.00,0.00,"Paid","Credit Card","2026-08-18",0.00,"2026-09-08 22:19:52.815"
"BILL-00013","POL-00159","CUST-00125","2026-08-25","2026-08-25",3917.00,0.00,1086.00,"Overdue","Bank Transfer",,28.00,"2026-09-08 22:19:52.815"
"BILL-00014","POL-00266","CUST-00133","2026-08-20","2026-08-23",2213.00,0.00,941.00,"Pending","Auto-Debit",,54.00,"2026-09-08 22:19:52.815"
"BILL-00015","POL-00129","CUST-00168","2026-08-31","2026-07-09",3048.00,4151.00,0.00,"Paid","Check","2026-09-06",0.00,"2026-09-08 22:19:52.815"
"BILL-00016","POL-00208","CUST-00121","2026-08-14","2026-08-27",4811.00,3138.00,0.00,"Paid","Credit Card","2026-08-09",0.00,"2026-09-08 22:19:52.815"
"BILL-00017","POL-00083","CUST-00029","2026-05-03","2026-05-15",2719.00,4446.00,0.00,"Paid","Bank Transfer","2026-09-07",0.00,"2026-09-08 22:19:52.815"
"BILL-00018","POL-00044","CUST-00035","2026-04-18","2026-06-01",4095.00,0.00,6681.00,"Overdue","Auto-Debit",,111.00,"2026-09-08 22:19:52.815"
"BILL-00019","POL-00152","CUST-00100","2026-07-13","2026-04-27",835.00,0.00,7065.00,"Pending","Check",,76.00,"2026-09-08 22:19:52.815"
"BILL-00020","POL-00220","CUST-00191","2026-07-27","2026-05-28",4269.00,3309.00,15887.00,"Paid","Credit Card","2026-08-13",0.00,"2026-09-08 22:19:52.815"
"BILL-00021","POL-00029","CUST-00146","2026-06-24","2026-07-05",2838.00,1668.00,0.00,"Paid","Bank Transfer","2026-08-14",0.00,"2026-09-08 22:19:52.815"
"BILL-00022","POL-00246","CUST-00182","2026-03-31","2026-04-22",1073.00,1425.00,0.00,"Paid","Auto-Debit","2026-08-30",0.00,"2026-09-08 22:19:52.815"
"BILL-00023","POL-00068","CUST-00112","2026-05-29","2026-07-27",1874.00,0.00,4146.00,"Overdue","Check",,127.00,"2026-09-08 22:19:52.815"
"BILL-00024","POL-00229","CUST-00179","2026-03-19","2026-08-14",1233.00,0.00,2666.00,"Pending","Credit Card",,146.00,"2026-09-08 22:19:52.815"
"BILL-00025","POL-00122","CUST-00167","2026-07-02","2026-05-30",3726.00,1733.00,0.00,"Paid","Bank Transfer","2026-09-04",0.00,"2026-09-08 22:19:52.815"
"BILL-00026","POL-00213","CUST-00101","2026-09-05","2026-06-29",3785.00,808.00,0.00,"Paid","Auto-Debit","2026-09-02",0.00,"2026-09-08 22:19:52.815"
"BILL-00027","POL-00092","CUST-00080","2026-05-25","2026-05-25",2406.00,3916.00,0.00,"Paid","Check","2026-08-20",0.00,"2026-09-08 22:19:52.815"
"BILL-00028","POL-00234","CUST-00068","2026-03-12","2026-05-26",613.00,0.00,2005.00,"Overdue","Credit Card",,127.00,"2026-09-08 22:19:52.815"
"BILL-00029","POL-00073","CUST-00083","2026-06-13","2026-07-29",3753.00,0.00,6543.00,"Pending","Bank Transfer",,67.00,"2026-09-08 22:19:52.815"
"BILL-00030","POL-00096","CUST-00016","2026-08-03","2026-06-01",1193.00,388.00,20077.00,"Paid","Auto-Debit","2026-08-20",0.00,"2026-09-08 22:19:52.815"
"BILL-00031","POL-00087","CUST-00186","2026-05-16","2026-06-24",3020.00,837.00,0.00,"Paid","Check","2026-08-13",0.00,"2026-09-08 22:19:52.815"
"BILL-00032","POL-00149","CUST-00035","2026-04-10","2026-04-20",2891.00,3365.00,0.00,"Paid","Credit Card","2026-09-07",0.00,"2026-09-08 22:19:52.815"
"BILL-00033","POL-00202","CUST-00035","2026-05-10","2026-04-14",2237.00,0.00,3959.00,"Overdue","Bank Transfer",,101.00,"2026-09-08 22:19:52.815"
"BILL-00034","POL-00224","CUST-00150","2026-08-11","2026-05-25",1694.00,0.00,6166.00,"Pending","Auto-Debit",,63.00,"2026-09-08 22:19:52.815"
"BILL-00035","POL-00019","CUST-00147","2026-08-18","2026-06-12",717.00,570.00,0.00,"Paid","Check","2026-08-28",0.00,"2026-09-08 22:19:52.815"
"BILL-00036","POL-00174","CUST-00038","2026-08-28","2026-08-19",2956.00,3083.00,0.00,"Paid","Credit Card","2026-08-20",0.00,"2026-09-08 22:19:52.815"
"BILL-00037","POL-00290","CUST-00024","2026-08-16","2026-04-19",2892.00,2059.00,0.00,"Paid","Bank Transfer","2026-08-09",0.00,"2026-09-08 22:19:52.815"
"BILL-00038","POL-00066","CUST-00084","2026-06-17","2026-08-10",370.00,0.00,878.00,"Overdue","Auto-Debit",,121.00,"2026-09-08 22:19:52.815"
"BILL-00039","POL-00109","CUST-00070","2026-07-06","2026-07-05",1097.00,0.00,5189.00,"Pending","Check",,29.00,"2026-09-08 22:19:52.815"
"BILL-00040","POL-00167","CUST-00063","2026-05-20","2026-08-10",2070.00,2600.00,15480.00,"Paid","Credit Card","2026-08-21",0.00,"2026-09-08 22:19:52.815"
"BILL-00041","POL-00203","CUST-00008","2026-06-27","2026-08-29",2744.00,3891.00,0.00,"Paid","Bank Transfer","2026-08-21",0.00,"2026-09-08 22:19:52.815"
"BILL-00042","POL-00212","CUST-00158","2026-07-11","2026-08-07",1273.00,1587.00,0.00,"Paid","Auto-Debit","2026-08-15",0.00,"2026-09-08 22:19:52.815"
"BILL-00043","POL-00165","CUST-00146","2026-09-01","2026-09-07",1299.00,0.00,5071.00,"Overdue","Check",,124.00,"2026-09-08 22:19:52.815"
"BILL-00044","POL-00116","CUST-00143","2026-06-17","2026-08-11",1905.00,0.00,2697.00,"Pending","Credit Card",,83.00,"2026-09-08 22:19:52.815"
"BILL-00045","POL-00078","CUST-00049","2026-06-18","2026-08-03",4713.00,2836.00,0.00,"Paid","Bank Transfer","2026-08-15",0.00,"2026-09-08 22:19:52.815"
"BILL-00046","POL-00221","CUST-00192","2026-04-10","2026-04-13",1013.00,1814.00,0.00,"Paid","Auto-Debit","2026-08-19",0.00,"2026-09-08 22:19:52.815"
"BILL-00047","POL-00166","CUST-00134","2026-07-23","2026-04-25",534.00,2412.00,0.00,"Paid","Check","2026-08-29",0.00,"2026-09-08 22:19:52.815"
"BILL-00048","POL-00056","CUST-00051","2026-05-02","2026-05-29",290.00,0.00,5014.00,"Overdue","Credit Card",,107.00,"2026-09-08 22:19:52.815"
"BILL-00049","POL-00131","CUST-00030","2026-03-16","2026-05-16",1149.00,0.00,3466.00,"Pending","Bank Transfer",,129.00,"2026-09-08 22:19:52.815"
"BILL-00050","POL-00135","CUST-00113","2026-07-17","2026-05-15",1060.00,3767.00,24072.00,"Paid","Auto-Debit","2026-09-01",0.00,"2026-09-08 22:19:52.815"
"BILL-00051","POL-00251","CUST-00028","2026-05-31","2026-09-05",2556.00,2568.00,0.00,"Paid","Check","2026-08-29",0.00,"2026-09-08 22:19:52.815"
"BILL-00052","POL-00197","CUST-00099","2026-08-28","2026-08-21",2992.00,1486.00,0.00,"Paid","Credit Card","2026-09-03",0.00,"2026-09-08 22:19:52.815"
"BILL-00053","POL-00177","CUST-00195","2026-08-20","2026-07-09",1042.00,0.00,3975.00,"Overdue","Bank Transfer",,145.00,"2026-09-08 22:19:52.815"
"BILL-00054","POL-00158","CUST-00118","2026-09-06","2026-07-20",4777.00,0.00,3248.00,"Pending","Auto-Debit",,138.00,"2026-09-08 22:19:52.815"
"BILL-00055","POL-00050","CUST-00082","2026-05-25","2026-07-20",2757.00,2357.00,0.00,"Paid","Check","2026-08-11",0.00,"2026-09-08 22:19:52.815"
"BILL-00056","POL-00086","CUST-00122","2026-08-08","2026-08-29",2430.00,2186.00,0.00,"Paid","Credit Card","2026-09-07",0.00,"2026-09-08 22:19:52.815"
"BILL-00057","POL-00014","CUST-00013","2026-07-02","2026-04-20",2641.00,1313.00,0.00,"Paid","Bank Transfer","2026-09-05",0.00,"2026-09-08 22:19:52.815"
"BILL-00058","POL-00254","CUST-00117","2026-04-16","2026-05-23",4060.00,0.00,5519.00,"Overdue","Auto-Debit",,58.00,"2026-09-08 22:19:52.815"
"BILL-00059","POL-00175","CUST-00131","2026-07-02","2026-08-11",3877.00,0.00,1272.00,"Pending","Check",,93.00,"2026-09-08 22:19:52.815"
"BILL-00060","POL-00197","CUST-00050","2026-05-13","2026-04-27",2325.00,3447.00,10374.00,"Paid","Credit Card","2026-08-15",0.00,"2026-09-08 22:19:52.815"
"BILL-00061","POL-00028","CUST-00092","2026-05-25","2026-06-08",3714.00,4415.00,0.00,"Paid","Bank Transfer","2026-09-07",0.00,"2026-09-08 22:19:52.815"
"BILL-00062","POL-00139","CUST-00118","2026-06-27","2026-05-16",2914.00,3397.00,0.00,"Paid","Auto-Debit","2026-08-23",0.00,"2026-09-08 22:19:52.815"
"BILL-00063","POL-00094","CUST-00029","2026-07-28","2026-06-19",3017.00,0.00,3521.00,"Overdue","Check",,76.00,"2026-09-08 22:19:52.815"
"BILL-00064","POL-00110","CUST-00164","2026-08-18","2026-06-21",1304.00,0.00,4461.00,"Pending","Credit Card",,36.00,"2026-09-08 22:19:52.815"
"BILL-00065","POL-00139","CUST-00170","2026-09-07","2026-07-01",2862.00,4006.00,0.00,"Paid","Bank Transfer","2026-08-31",0.00,"2026-09-08 22:19:52.815"
"BILL-00066","POL-00091","CUST-00129","2026-08-15","2026-09-08",3642.00,3921.00,0.00,"Paid","Auto-Debit","2026-08-12",0.00,"2026-09-08 22:19:52.815"
"BILL-00067","POL-00226","CUST-00001","2026-06-01","2026-05-22",4963.00,3923.00,0.00,"Paid","Check","2026-08-16",0.00,"2026-09-08 22:19:52.815"
"BILL-00068","POL-00214","CUST-00084","2026-04-10","2026-05-21",3441.00,0.00,2499.00,"Overdue","Credit Card",,57.00,"2026-09-08 22:19:52.815"
"BILL-00069","POL-00164","CUST-00031","2026-03-12","2026-04-16",2018.00,0.00,1309.00,"Pending","Bank Transfer",,87.00,"2026-09-08 22:19:52.815"
"BILL-00070","POL-00285","CUST-00128","2026-05-24","2026-08-27",1955.00,1865.00,16504.00,"Paid","Auto-Debit","2026-08-12",0.00,"2026-09-08 22:19:52.815"
"BILL-00071","POL-00034","CUST-00135","2026-04-26","2026-08-14",2505.00,3790.00,0.00,"Paid","Check","2026-08-12",0.00,"2026-09-08 22:19:52.815"
"BILL-00072","POL-00114","CUST-00187","2026-05-30","2026-05-15",3486.00,743.00,0.00,"Paid","Credit Card","2026-09-01",0.00,"2026-09-08 22:19:52.815"
"BILL-00073","POL-00074","CUST-00076","2026-07-04","2026-08-25",3068.00,0.00,7951.00,"Overdue","Bank Transfer",,147.00,"2026-09-08 22:19:52.815"
"BILL-00074","POL-00288","CUST-00120","2026-06-14","2026-06-03",1506.00,0.00,4941.00,"Pending","Auto-Debit",,46.00,"2026-09-08 22:19:52.815"
"BILL-00075","POL-00044","CUST-00086","2026-06-08","2026-05-19",2445.00,590.00,0.00,"Paid","Check","2026-08-09",0.00,"2026-09-08 22:19:52.815"
"BILL-00076","POL-00123","CUST-00059","2026-03-13","2026-07-08",3344.00,4567.00,0.00,"Paid","Credit Card","2026-08-12",0.00,"2026-09-08 22:19:52.815"
"BILL-00077","POL-00054","CUST-00033","2026-07-16","2026-07-16",2177.00,2536.00,0.00,"Paid","Bank Transfer","2026-08-28",0.00,"2026-09-08 22:19:52.815"
"BILL-00078","POL-00264","CUST-00057","2026-07-08","2026-05-24",1136.00,0.00,8564.00,"Overdue","Auto-Debit",,63.00,"2026-09-08 22:19:52.815"
"BILL-00079","POL-00141","CUST-00067","2026-09-07","2026-05-29",1452.00,0.00,2713.00,"Pending","Check",,76.00,"2026-09-08 22:19:52.815"
"BILL-00080","POL-00108","CUST-00114","2026-03-25","2026-08-28",4301.00,3065.00,11925.00,"Paid","Credit Card","2026-08-19",0.00,"2026-09-08 22:19:52.815"
"BILL-00081","POL-00260","CUST-00112","2026-08-20","2026-05-15",4319.00,1895.00,0.00,"Paid","Bank Transfer","2026-08-12",0.00,"2026-09-08 22:19:52.815"
"BILL-00082","POL-00113","CUST-00010","2026-04-14","2026-07-30",4154.00,3821.00,0.00,"Paid","Auto-Debit","2026-08-31",0.00,"2026-09-08 22:19:52.815"
"BILL-00083","POL-00296","CUST-00124","2026-05-23","2026-09-06",1221.00,0.00,8120.00,"Overdue","Check",,38.00,"2026-09-08 22:19:52.815"
"BILL-00084","POL-00091","CUST-00101","2026-05-20","2026-05-01",527.00,0.00,2120.00,"Pending","Credit Card",,71.00,"2026-09-08 22:19:52.815"
"BILL-00085","POL-00012","CUST-00136","2026-05-14","2026-09-04",1299.00,1714.00,0.00,"Paid","Bank Transfer","2026-08-24",0.00,"2026-09-08 22:19:52.815"
"BILL-00086","POL-00168","CUST-00075","2026-03-25","2026-04-14",2042.00,486.00,0.00,"Paid","Auto-Debit","2026-08-22",0.00,"2026-09-08 22:19:52.815"
"BILL-00087","POL-00109","CUST-00029","2026-08-22","2026-06-18",2545.00,1923.00,0.00,"Paid","Check","2026-09-02",0.00,"2026-09-08 22:19:52.815"
"BILL-00088","POL-00031","CUST-00084","2026-03-30","2026-07-01",3574.00,0.00,6085.00,"Overdue","Credit Card",,106.00,"2026-09-08 22:19:52.815"
"BILL-00089","POL-00117","CUST-00087","2026-06-05","2026-09-07",2842.00,0.00,6447.00,"Pending","Bank Transfer",,86.00,"2026-09-08 22:19:52.815"
"BILL-00090","POL-00274","CUST-00096","2026-05-10","2026-08-15",4790.00,2703.00,10758.00,"Paid","Auto-Debit","2026-08-20",0.00,"2026-09-08 22:19:52.815"
"BILL-00091","POL-00210","CUST-00187","2026-08-20","2026-05-05",3455.00,1312.00,0.00,"Paid","Check","2026-09-04",0.00,"2026-09-08 22:19:52.815"
"BILL-00092","POL-00103","CUST-00097","2026-08-26","2026-08-26",1537.00,1644.00,0.00,"Paid","Credit Card","2026-08-20",0.00,"2026-09-08 22:19:52.815"
"BILL-00093","POL-00055","CUST-00004","2026-04-21","2026-07-07",1033.00,0.00,3695.00,"Overdue","Bank Transfer",,58.00,"2026-09-08 22:19:52.815"
"BILL-00094","POL-00195","CUST-00155","2026-04-02","2026-08-07",1751.00,0.00,8862.00,"Pending","Auto-Debit",,30.00,"2026-09-08 22:19:52.815"
"BILL-00095","POL-00187","CUST-00048","2026-08-30","2026-09-05",3787.00,3576.00,0.00,"Paid","Check","2026-08-16",0.00,"2026-09-08 22:19:52.815"
"BILL-00096","POL-00243","CUST-00133","2026-07-20","2026-06-02",3336.00,4085.00,0.00,"Paid","Credit Card","2026-08-24",0.00,"2026-09-08 22:19:52.815"
"BILL-00097","POL-00069","CUST-00070","2026-08-11","2026-05-04",414.00,515.00,0.00,"Paid","Bank Transfer","2026-08-18",0.00,"2026-09-08 22:19:52.815"
"BILL-00098","POL-00273","CUST-00024","2026-03-25","2026-07-18",1586.00,0.00,2453.00,"Overdue","Auto-Debit",,117.00,"2026-09-08 22:19:52.815"
"BILL-00099","POL-00042","CUST-00028","2026-09-01","2026-09-04",2262.00,0.00,1921.00,"Pending","Check",,44.00,"2026-09-08 22:19:52.815"
"BILL-00100","POL-00098","CUST-00073","2026-06-11","2026-08-21",3658.00,4221.00,14016.00,"Paid","Credit Card","2026-08-20",0.00,"2026-09-08 22:19:52.815"
"BILL-00101","POL-00012","CUST-00002","2026-05-28","2026-05-02",462.00,4750.00,0.00,"Paid","Bank Transfer","2026-08-19",0.00,"2026-09-08 22:19:52.815"
"BILL-00102","POL-00210","CUST-00129","2026-07-22","2026-08-19",863.00,1289.00,0.00,"Paid","Auto-Debit","2026-08-09",0.00,"2026-09-08 22:19:52.815"
"BILL-00103","POL-00165","CUST-00184","2026-05-04","2026-08-19",1133.00,0.00,3080.00,"Overdue","Check",,41.00,"2026-09-08 22:19:52.815"
"BILL-00104","POL-00101","CUST-00124","2026-05-18","2026-05-24",3425.00,0.00,2309.00,"Pending","Credit Card",,136.00,"2026-09-08 22:19:52.815"
"BILL-00105","POL-00269","CUST-00083","2026-06-14","2026-06-25",4018.00,1022.00,0.00,"Paid","Bank Transfer","2026-09-01",0.00,"2026-09-08 22:19:52.815"
"BILL-00106","POL-00123","CUST-00154","2026-06-23","2026-06-14",953.00,4265.00,0.00,"Paid","Auto-Debit","2026-08-18",0.00,"2026-09-08 22:19:52.815"
"BILL-00107","POL-00252","CUST-00033","2026-07-22","2026-06-25",3116.00,3591.00,0.00,"Paid","Check","2026-08-09",0.00,"2026-09-08 22:19:52.815"
"BILL-00108","POL-00120","CUST-00078","2026-04-01","2026-06-11",646.00,0.00,7777.00,"Overdue","Credit Card",,31.00,"2026-09-08 22:19:52.815"
"BILL-00109","POL-00098","CUST-00007","2026-03-25","2026-07-16",625.00,0.00,4211.00,"Pending","Bank Transfer",,145.00,"2026-09-08 22:19:52.815"
"BILL-00110","POL-00099","CUST-00181","2026-04-05","2026-06-04",1892.00,2475.00,12645.00,"Paid","Auto-Debit","2026-08-21",0.00,"2026-09-08 22:19:52.815"
"BILL-00111","POL-00272","CUST-00194","2026-05-03","2026-06-18",3170.00,4868.00,0.00,"Paid","Check","2026-08-11",0.00,"2026-09-08 22:19:52.815"
"BILL-00112","POL-00278","CUST-00027","2026-07-24","2026-07-23",3577.00,3352.00,0.00,"Paid","Credit Card","2026-08-14",0.00,"2026-09-08 22:19:52.815"
"BILL-00113","POL-00144","CUST-00067","2026-04-22","2026-08-22",1730.00,0.00,2114.00,"Overdue","Bank Transfer",,90.00,"2026-09-08 22:19:52.815"
"BILL-00114","POL-00180","CUST-00164","2026-06-09","2026-05-11",1247.00,0.00,1269.00,"Pending","Auto-Debit",,94.00,"2026-09-08 22:19:52.815"
"BILL-00115","POL-00285","CUST-00176","2026-08-27","2026-05-28",1365.00,4455.00,0.00,"Paid","Check","2026-09-06",0.00,"2026-09-08 22:19:52.815"
"BILL-00116","POL-00079","CUST-00089","2026-08-03","2026-09-01",3212.00,2358.00,0.00,"Paid","Credit Card","2026-08-23",0.00,"2026-09-08 22:19:52.815"
"BILL-00117","POL-00200","CUST-00081","2026-08-24","2026-08-05",1780.00,3871.00,0.00,"Paid","Bank Transfer","2026-08-29",0.00,"2026-09-08 22:19:52.815"
"BILL-00118","POL-00124","CUST-00197","2026-05-08","2026-08-22",4219.00,0.00,8980.00,"Overdue","Auto-Debit",,69.00,"2026-09-08 22:19:52.815"
"BILL-00119","POL-00279","CUST-00141","2026-06-05","2026-07-22",4735.00,0.00,6527.00,"Pending","Check",,92.00,"2026-09-08 22:19:52.815"
"BILL-00120","POL-00080","CUST-00149","2026-08-27","2026-08-08",3606.00,3557.00,19022.00,"Paid","Credit Card","2026-09-06",0.00,"2026-09-08 22:19:52.815"
"BILL-00121","POL-00254","CUST-00081","2026-05-22","2026-06-28",1788.00,2605.00,0.00,"Paid","Bank Transfer","2026-08-24",0.00,"2026-09-08 22:19:52.815"
"BILL-00122","POL-00021","CUST-00032","2026-08-07","2026-05-21",4562.00,3694.00,0.00,"Paid","Auto-Debit","2026-08-22",0.00,"2026-09-08 22:19:52.815"
"BILL-00123","POL-00078","CUST-00184","2026-03-13","2026-06-26",638.00,0.00,6775.00,"Overdue","Check",,84.00,"2026-09-08 22:19:52.815"
"BILL-00124","POL-00268","CUST-00179","2026-07-17","2026-06-26",2424.00,0.00,5151.00,"Pending","Credit Card",,99.00,"2026-09-08 22:19:52.815"
"BILL-00125","POL-00270","CUST-00014","2026-07-24","2026-07-18",4982.00,2947.00,0.00,"Paid","Bank Transfer","2026-08-31",0.00,"2026-09-08 22:19:52.815"
"BILL-00126","POL-00291","CUST-00104","2026-07-14","2026-06-20",1257.00,3636.00,0.00,"Paid","Auto-Debit","2026-08-27",0.00,"2026-09-08 22:19:52.815"
"BILL-00127","POL-00038","CUST-00037","2026-05-24","2026-05-15",4155.00,4150.00,0.00,"Paid","Check","2026-08-26",0.00,"2026-09-08 22:19:52.815"
"BILL-00128","POL-00056","CUST-00177","2026-07-25","2026-06-16",4603.00,0.00,5430.00,"Overdue","Credit Card",,35.00,"2026-09-08 22:19:52.815"
"BILL-00129","POL-00260","CUST-00159","2026-05-14","2026-08-10",239.00,0.00,7534.00,"Pending","Bank Transfer",,108.00,"2026-09-08 22:19:52.815"
"BILL-00130","POL-00162","CUST-00151","2026-03-29","2026-06-18",705.00,624.00,13700.00,"Paid","Auto-Debit","2026-08-15",0.00,"2026-09-08 22:19:52.815"
"BILL-00131","POL-00110","CUST-00042","2026-04-05","2026-06-09",966.00,1734.00,0.00,"Paid","Check","2026-09-06",0.00,"2026-09-08 22:19:52.815"
"BILL-00132","POL-00240","CUST-00096","2026-05-09","2026-07-19",367.00,3133.00,0.00,"Paid","Credit Card","2026-09-06",0.00,"2026-09-08 22:19:52.815"
"BILL-00133","POL-00225","CUST-00184","2026-04-06","2026-05-23",1310.00,0.00,6924.00,"Overdue","Bank Transfer",,44.00,"2026-09-08 22:19:52.815"
"BILL-00134","POL-00180","CUST-00049","2026-07-31","2026-04-14",1710.00,0.00,8768.00,"Pending","Auto-Debit",,136.00,"2026-09-08 22:19:52.815"
"BILL-00135","POL-00047","CUST-00036","2026-08-18","2026-06-12",919.00,4332.00,0.00,"Paid","Check","2026-08-23",0.00,"2026-09-08 22:19:52.815"
"BILL-00136","POL-00181","CUST-00158","2026-08-03","2026-06-29",4461.00,3760.00,0.00,"Paid","Credit Card","2026-08-22",0.00,"2026-09-08 22:19:52.815"
"BILL-00137","POL-00219","CUST-00063","2026-09-07","2026-08-20",3072.00,4286.00,0.00,"Paid","Bank Transfer","2026-09-01",0.00,"2026-09-08 22:19:52.815"
"BILL-00138","POL-00098","CUST-00189","2026-05-20","2026-06-04",4564.00,0.00,646.00,"Overdue","Auto-Debit",,141.00,"2026-09-08 22:19:52.815"
"BILL-00139","POL-00096","CUST-00143","2026-06-23","2026-05-08",4708.00,0.00,2424.00,"Pending","Check",,61.00,"2026-09-08 22:19:52.815"
"BILL-00140","POL-00195","CUST-00179","2026-05-03","2026-09-01",1515.00,1326.00,15612.00,"Paid","Credit Card","2026-09-07",0.00,"2026-09-08 22:19:52.815"
"BILL-00141","POL-00190","CUST-00153","2026-03-31","2026-07-22",4498.00,775.00,0.00,"Paid","Bank Transfer","2026-09-04",0.00,"2026-09-08 22:19:52.815"
"BILL-00142","POL-00031","CUST-00117","2026-06-10","2026-07-11",3295.00,922.00,0.00,"Paid","Auto-Debit","2026-09-06",0.00,"2026-09-08 22:19:52.815"
"BILL-00143","POL-00105","CUST-00029","2026-04-20","2026-06-11",985.00,0.00,7699.00,"Overdue","Check",,60.00,"2026-09-08 22:19:52.815"
"BILL-00144","POL-00063","CUST-00172","2026-05-27","2026-07-12",2879.00,0.00,3440.00,"Pending","Credit Card",,125.00,"2026-09-08 22:19:52.815"
"BILL-00145","POL-00074","CUST-00004","2026-03-22","2026-06-18",3253.00,1044.00,0.00,"Paid","Bank Transfer","2026-08-20",0.00,"2026-09-08 22:19:52.815"
"BILL-00146","POL-00282","CUST-00055","2026-06-30","2026-05-14",3826.00,923.00,0.00,"Paid","Auto-Debit","2026-08-21",0.00,"2026-09-08 22:19:52.815"
"BILL-00147","POL-00237","CUST-00080","2026-04-16","2026-07-09",2492.00,799.00,0.00,"Paid","Check","2026-08-25",0.00,"2026-09-08 22:19:52.815"
"BILL-00148","POL-00048","CUST-00125","2026-07-08","2026-08-31",4953.00,0.00,5557.00,"Overdue","Credit Card",,112.00,"2026-09-08 22:19:52.815"
"BILL-00149","POL-00143","CUST-00023","2026-08-17","2026-05-02",587.00,0.00,2721.00,"Pending","Bank Transfer",,88.00,"2026-09-08 22:19:52.815"
"BILL-00150","POL-00281","CUST-00012","2026-07-13","2026-07-07",1562.00,772.00,18332.00,"Paid","Auto-Debit","2026-09-06",0.00,"2026-09-08 22:19:52.815"
"BILL-00151","POL-00263","CUST-00039","2026-08-07","2026-06-10",1824.00,2996.00,0.00,"Paid","Check","2026-08-21",0.00,"2026-09-08 22:19:52.815"
"BILL-00152","POL-00046","CUST-00061","2026-04-06","2026-05-14",2891.00,2146.00,0.00,"Paid","Credit Card","2026-08-15",0.00,"2026-09-08 22:19:52.815"
"BILL-00153","POL-00158","CUST-00099","2026-04-19","2026-09-07",589.00,0.00,788.00,"Overdue","Bank Transfer",,71.00,"2026-09-08 22:19:52.815"
"BILL-00154","POL-00205","CUST-00114","2026-05-31","2026-08-01",2114.00,0.00,1120.00,"Pending","Auto-Debit",,147.00,"2026-09-08 22:19:52.815"
"BILL-00155","POL-00059","CUST-00002","2026-07-01","2026-05-25",4343.00,2360.00,0.00,"Paid","Check","2026-09-02",0.00,"2026-09-08 22:19:52.815"
"BILL-00156","POL-00133","CUST-00111","2026-03-20","2026-09-01",2757.00,3881.00,0.00,"Paid","Credit Card","2026-09-01",0.00,"2026-09-08 22:19:52.815"
"BILL-00157","POL-00287","CUST-00170","2026-04-05","2026-04-17",788.00,4052.00,0.00,"Paid","Bank Transfer","2026-08-20",0.00,"2026-09-08 22:19:52.815"
"BILL-00158","POL-00032","CUST-00033","2026-05-20","2026-05-03",2367.00,0.00,4154.00,"Overdue","Auto-Debit",,51.00,"2026-09-08 22:19:52.815"
"BILL-00159","POL-00091","CUST-00142","2026-08-24","2026-07-27",4269.00,0.00,4398.00,"Pending","Check",,67.00,"2026-09-08 22:19:52.815"
"BILL-00160","POL-00272","CUST-00033","2026-07-17","2026-05-19",3281.00,396.00,22598.00,"Paid","Credit Card","2026-09-05",0.00,"2026-09-08 22:19:52.815"
"BILL-00161","POL-00068","CUST-00025","2026-07-28","2026-05-10",1444.00,4448.00,0.00,"Paid","Bank Transfer","2026-08-10",0.00,"2026-09-08 22:19:52.815"
"BILL-00162","POL-00085","CUST-00152","2026-07-14","2026-05-13",2428.00,1436.00,0.00,"Paid","Auto-Debit","2026-09-03",0.00,"2026-09-08 22:19:52.815"
"BILL-00163","POL-00245","CUST-00069","2026-09-01","2026-08-17",1256.00,0.00,5430.00,"Overdue","Check",,114.00,"2026-09-08 22:19:52.815"
"BILL-00164","POL-00206","CUST-00143","2026-03-25","2026-08-27",4295.00,0.00,7553.00,"Pending","Credit Card",,126.00,"2026-09-08 22:19:52.815"
"BILL-00165","POL-00291","CUST-00013","2026-08-19","2026-05-28",4745.00,4517.00,0.00,"Paid","Bank Transfer","2026-09-06",0.00,"2026-09-08 22:19:52.815"
"BILL-00166","POL-00019","CUST-00136","2026-05-03","2026-07-09",2113.00,2891.00,0.00,"Paid","Auto-Debit","2026-08-27",0.00,"2026-09-08 22:19:52.815"
"BILL-00167","POL-00080","CUST-00086","2026-08-15","2026-05-05",4975.00,4018.00,0.00,"Paid","Check","2026-08-21",0.00,"2026-09-08 22:19:52.815"
"BILL-00168","POL-00265","CUST-00101","2026-08-19","2026-06-26",4111.00,0.00,939.00,"Overdue","Credit Card",,120.00,"2026-09-08 22:19:52.815"
"BILL-00169","POL-00134","CUST-00057","2026-06-12","2026-08-10",1038.00,0.00,8254.00,"Pending","Bank Transfer",,76.00,"2026-09-08 22:19:52.815"
"BILL-00170","POL-00081","CUST-00164","2026-04-10","2026-08-23",4293.00,4951.00,17617.00,"Paid","Auto-Debit","2026-08-19",0.00,"2026-09-08 22:19:52.815"
"BILL-00171","POL-00032","CUST-00160","2026-04-04","2026-07-06",3316.00,2104.00,0.00,"Paid","Check","2026-09-06",0.00,"2026-09-08 22:19:52.815"
"BILL-00172","POL-00275","CUST-00099","2026-04-05","2026-06-11",1814.00,1141.00,0.00,"Paid","Credit Card","2026-08-13",0.00,"2026-09-08 22:19:52.815"
"BILL-00173","POL-00100","CUST-00001","2026-06-24","2026-08-18",3633.00,0.00,4739.00,"Overdue","Bank Transfer",,38.00,"2026-09-08 22:19:52.815"
"BILL-00174","POL-00016","CUST-00059","2026-06-25","2026-09-06",4270.00,0.00,4121.00,"Pending","Auto-Debit",,85.00,"2026-09-08 22:19:52.815"
"BILL-00175","POL-00189","CUST-00147","2026-03-30","2026-07-02",3189.00,3474.00,0.00,"Paid","Check","2026-08-29",0.00,"2026-09-08 22:19:52.815"
"BILL-00176","POL-00042","CUST-00091","2026-06-28","2026-04-13",4202.00,3537.00,0.00,"Paid","Credit Card","2026-08-27",0.00,"2026-09-08 22:19:52.815"
"BILL-00177","POL-00287","CUST-00144","2026-04-22","2026-04-21",1621.00,2957.00,0.00,"Paid","Bank Transfer","2026-08-16",0.00,"2026-09-08 22:19:52.815"
"BILL-00178","POL-00053","CUST-00012","2026-08-10","2026-05-27",989.00,0.00,974.00,"Overdue","Auto-Debit",,57.00,"2026-09-08 22:19:52.815"
"BILL-00179","POL-00042","CUST-00176","2026-06-29","2026-08-26",4844.00,0.00,3504.00,"Pending","Check",,126.00,"2026-09-08 22:19:52.815"
"BILL-00180","POL-00173","CUST-00161","2026-03-20","2026-04-29",2612.00,1346.00,18809.00,"Paid","Credit Card","2026-08-24",0.00,"2026-09-08 22:19:52.815"
"BILL-00181","POL-00063","CUST-00120","2026-04-04","2026-08-28",2499.00,1893.00,0.00,"Paid","Bank Transfer","2026-08-30",0.00,"2026-09-08 22:19:52.815"
"BILL-00182","POL-00063","CUST-00146","2026-03-26","2026-04-28",661.00,4685.00,0.00,"Paid","Auto-Debit","2026-09-04",0.00,"2026-09-08 22:19:52.815"
"BILL-00183","POL-00104","CUST-00134","2026-06-04","2026-08-18",2280.00,0.00,8514.00,"Overdue","Check",,105.00,"2026-09-08 22:19:52.815"
"BILL-00184","POL-00116","CUST-00168","2026-07-14","2026-05-08",4657.00,0.00,2259.00,"Pending","Credit Card",,146.00,"2026-09-08 22:19:52.815"
"BILL-00185","POL-00017","CUST-00082","2026-03-20","2026-08-03",2735.00,4302.00,0.00,"Paid","Bank Transfer","2026-08-12",0.00,"2026-09-08 22:19:52.815"
"BILL-00186","POL-00017","CUST-00171","2026-06-17","2026-06-24",392.00,3517.00,0.00,"Paid","Auto-Debit","2026-08-23",0.00,"2026-09-08 22:19:52.815"
"BILL-00187","POL-00157","CUST-00097","2026-05-13","2026-07-29",662.00,3181.00,0.00,"Paid","Check","2026-08-19",0.00,"2026-09-08 22:19:52.815"
"BILL-00188","POL-00257","CUST-00105","2026-06-13","2026-04-15",1685.00,0.00,5762.00,"Overdue","Credit Card",,121.00,"2026-09-08 22:19:52.815"
"BILL-00189","POL-00206","CUST-00078","2026-06-05","2026-05-11",2149.00,0.00,8415.00,"Pending","Bank Transfer",,79.00,"2026-09-08 22:19:52.815"
"BILL-00190","POL-00091","CUST-00127","2026-08-30","2026-05-11",2474.00,3618.00,18368.00,"Paid","Auto-Debit","2026-08-09",0.00,"2026-09-08 22:19:52.815"
"BILL-00191","POL-00085","CUST-00164","2026-06-16","2026-06-07",2839.00,4963.00,0.00,"Paid","Check","2026-08-09",0.00,"2026-09-08 22:19:52.815"
"BILL-00192","POL-00219","CUST-00171","2026-08-03","2026-06-13",2142.00,2839.00,0.00,"Paid","Credit Card","2026-08-18",0.00,"2026-09-08 22:19:52.815"
"BILL-00193","POL-00163","CUST-00066","2026-06-22","2026-04-15",1582.00,0.00,6081.00,"Overdue","Bank Transfer",,58.00,"2026-09-08 22:19:52.815"
"BILL-00194","POL-00102","CUST-00138","2026-04-02","2026-05-17",1753.00,0.00,8330.00,"Pending","Auto-Debit",,144.00,"2026-09-08 22:19:52.815"
"BILL-00195","POL-00229","CUST-00182","2026-08-28","2026-04-24",1322.00,2484.00,0.00,"Paid","Check","2026-08-19",0.00,"2026-09-08 22:19:52.815"
"BILL-00196","POL-00123","CUST-00058","2026-07-18","2026-07-06",826.00,2061.00,0.00,"Paid","Credit Card","2026-08-27",0.00,"2026-09-08 22:19:52.815"
"BILL-00197","POL-00271","CUST-00179","2026-08-29","2026-07-15",2156.00,1728.00,0.00,"Paid","Bank Transfer","2026-09-06",0.00,"2026-09-08 22:19:52.815"
"BILL-00198","POL-00197","CUST-00149","2026-08-16","2026-04-20",1764.00,0.00,6185.00,"Overdue","Auto-Debit",,95.00,"2026-09-08 22:19:52.815"
"BILL-00199","POL-00213","CUST-00110","2026-08-08","2026-06-10",2900.00,0.00,3678.00,"Pending","Check",,128.00,"2026-09-08 22:19:52.815"
"BILL-00200","POL-00154","CUST-00160","2026-09-04","2026-06-25",3920.00,4619.00,24100.00,"Paid","Credit Card","2026-08-12",0.00,"2026-09-08 22:19:52.815"
"BILL-00201","POL-00257","CUST-00044","2026-08-02","2026-07-19",3895.00,4499.00,0.00,"Paid","Bank Transfer","2026-08-15",0.00,"2026-09-08 22:19:52.815"
"BILL-00202","POL-00097","CUST-00008","2026-04-19","2026-04-15",1612.00,3790.00,0.00,"Paid","Auto-Debit","2026-08-22",0.00,"2026-09-08 22:19:52.815"
"BILL-00203","POL-00256","CUST-00137","2026-07-04","2026-06-01",609.00,0.00,7654.00,"Overdue","Check",,77.00,"2026-09-08 22:19:52.815"
"BILL-00204","POL-00248","CUST-00019","2026-07-09","2026-04-15",4261.00,0.00,5805.00,"Pending","Credit Card",,121.00,"2026-09-08 22:19:52.815"
"BILL-00205","POL-00233","CUST-00004","2026-06-03","2026-05-28",3945.00,3842.00,0.00,"Paid","Bank Transfer","2026-08-16",0.00,"2026-09-08 22:19:52.815"
"BILL-00206","POL-00147","CUST-00032","2026-07-03","2026-05-21",217.00,243.00,0.00,"Paid","Auto-Debit","2026-08-12",0.00,"2026-09-08 22:19:52.815"
"BILL-00207","POL-00073","CUST-00016","2026-09-03","2026-05-03",3233.00,1441.00,0.00,"Paid","Check","2026-08-10",0.00,"2026-09-08 22:19:52.815"
"BILL-00208","POL-00279","CUST-00169","2026-08-20","2026-08-10",3984.00,0.00,2238.00,"Overdue","Credit Card",,90.00,"2026-09-08 22:19:52.815"
"BILL-00209","POL-00194","CUST-00127","2026-08-22","2026-07-18",1169.00,0.00,8411.00,"Pending","Bank Transfer",,70.00,"2026-09-08 22:19:52.815"
"BILL-00210","POL-00135","CUST-00124","2026-06-27","2026-08-12",1421.00,4334.00,13982.00,"Paid","Auto-Debit","2026-08-30",0.00,"2026-09-08 22:19:52.815"
"BILL-00211","POL-00197","CUST-00177","2026-03-31","2026-06-11",4884.00,4089.00,0.00,"Paid","Check","2026-09-04",0.00,"2026-09-08 22:19:52.815"
"BILL-00212","POL-00224","CUST-00125","2026-06-02","2026-07-12",1602.00,2698.00,0.00,"Paid","Credit Card","2026-08-11",0.00,"2026-09-08 22:19:52.815"
"BILL-00213","POL-00281","CUST-00110","2026-04-11","2026-07-06",4059.00,0.00,1312.00,"Overdue","Bank Transfer",,75.00,"2026-09-08 22:19:52.815"
"BILL-00214","POL-00013","CUST-00168","2026-08-05","2026-06-12",2787.00,0.00,2499.00,"Pending","Auto-Debit",,132.00,"2026-09-08 22:19:52.815"
"BILL-00215","POL-00288","CUST-00038","2026-07-19","2026-07-21",4051.00,4180.00,0.00,"Paid","Check","2026-08-12",0.00,"2026-09-08 22:19:52.815"
"BILL-00216","POL-00168","CUST-00179","2026-07-04","2026-05-24",2206.00,2681.00,0.00,"Paid","Credit Card","2026-08-22",0.00,"2026-09-08 22:19:52.815"
"BILL-00217","POL-00216","CUST-00098","2026-07-02","2026-04-11",2929.00,1702.00,0.00,"Paid","Bank Transfer","2026-09-07",0.00,"2026-09-08 22:19:52.815"
"BILL-00218","POL-00156","CUST-00090","2026-04-08","2026-06-13",4741.00,0.00,6892.00,"Overdue","Auto-Debit",,51.00,"2026-09-08 22:19:52.815"
"BILL-00219","POL-00234","CUST-00094","2026-08-16","2026-05-31",229.00,0.00,4817.00,"Pending","Check",,79.00,"2026-09-08 22:19:52.815"
"BILL-00220","POL-00053","CUST-00146","2026-04-10","2026-08-03",2444.00,3140.00,17094.00,"Paid","Credit Card","2026-08-25",0.00,"2026-09-08 22:19:52.815"
"BILL-00221","POL-00116","CUST-00133","2026-03-24","2026-08-02",359.00,923.00,0.00,"Paid","Bank Transfer","2026-08-27",0.00,"2026-09-08 22:19:52.815"
"BILL-00222","POL-00153","CUST-00038","2026-07-05","2026-05-24",2802.00,2499.00,0.00,"Paid","Auto-Debit","2026-08-10",0.00,"2026-09-08 22:19:52.815"
"BILL-00223","POL-00060","CUST-00146","2026-05-22","2026-06-13",4413.00,0.00,4626.00,"Overdue","Check",,47.00,"2026-09-08 22:19:52.815"
"BILL-00224","POL-00109","CUST-00053","2026-08-09","2026-07-06",2693.00,0.00,3920.00,"Pending","Credit Card",,67.00,"2026-09-08 22:19:52.815"
"BILL-00225","POL-00069","CUST-00120","2026-08-16","2026-06-11",1179.00,4813.00,0.00,"Paid","Bank Transfer","2026-08-29",0.00,"2026-09-08 22:19:52.815"
"BILL-00226","POL-00141","CUST-00015","2026-05-15","2026-08-19",4901.00,2026.00,0.00,"Paid","Auto-Debit","2026-08-12",0.00,"2026-09-08 22:19:52.815"
"BILL-00227","POL-00109","CUST-00049","2026-06-21","2026-04-14",1392.00,4766.00,0.00,"Paid","Check","2026-09-08",0.00,"2026-09-08 22:19:52.815"
"BILL-00228","POL-00238","CUST-00103","2026-08-01","2026-06-24",3546.00,0.00,4408.00,"Overdue","Credit Card",,90.00,"2026-09-08 22:19:52.815"
"BILL-00229","POL-00074","CUST-00189","2026-03-31","2026-07-08",1896.00,0.00,1907.00,"Pending","Bank Transfer",,123.00,"2026-09-08 22:19:52.815"
"BILL-00230","POL-00232","CUST-00166","2026-05-17","2026-08-23",2628.00,3176.00,13458.00,"Paid","Auto-Debit","2026-09-01",0.00,"2026-09-08 22:19:52.815"
"BILL-00231","POL-00234","CUST-00199","2026-03-24","2026-05-28",2562.00,2044.00,0.00,"Paid","Check","2026-08-24",0.00,"2026-09-08 22:19:52.815"
"BILL-00232","POL-00053","CUST-00127","2026-08-19","2026-04-23",2322.00,4982.00,0.00,"Paid","Credit Card","2026-08-09",0.00,"2026-09-08 22:19:52.815"
"BILL-00233","POL-00098","CUST-00021","2026-07-01","2026-06-22",910.00,0.00,3857.00,"Overdue","Bank Transfer",,39.00,"2026-09-08 22:19:52.815"
"BILL-00234","POL-00212","CUST-00041","2026-08-10","2026-05-29",3302.00,0.00,2721.00,"Pending","Auto-Debit",,59.00,"2026-09-08 22:19:52.815"
"BILL-00235","POL-00060","CUST-00056","2026-07-17","2026-08-18",4868.00,2265.00,0.00,"Paid","Check","2026-09-07",0.00,"2026-09-08 22:19:52.815"
"BILL-00236","POL-00267","CUST-00024","2026-06-22","2026-08-19",3678.00,3759.00,0.00,"Paid","Credit Card","2026-08-27",0.00,"2026-09-08 22:19:52.815"
"BILL-00237","POL-00275","CUST-00016","2026-04-14","2026-07-27",2338.00,2824.00,0.00,"Paid","Bank Transfer","2026-08-29",0.00,"2026-09-08 22:19:52.815"
"BILL-00238","POL-00036","CUST-00159","2026-05-14","2026-06-17",4015.00,0.00,3413.00,"Overdue","Auto-Debit",,96.00,"2026-09-08 22:19:52.815"
"BILL-00239","POL-00017","CUST-00034","2026-04-14","2026-09-03",2868.00,0.00,2936.00,"Pending","Check",,114.00,"2026-09-08 22:19:52.815"
"BILL-00240","POL-00239","CUST-00149","2026-05-31","2026-06-26",2825.00,1266.00,21917.00,"Paid","Credit Card","2026-08-27",0.00,"2026-09-08 22:19:52.815"
"BILL-00241","POL-00160","CUST-00058","2026-07-29","2026-09-01",3135.00,3862.00,0.00,"Paid","Bank Transfer","2026-09-02",0.00,"2026-09-08 22:19:52.815"
"BILL-00242","POL-00112","CUST-00085","2026-07-13","2026-04-11",3738.00,4752.00,0.00,"Paid","Auto-Debit","2026-08-12",0.00,"2026-09-08 22:19:52.815"
"BILL-00243","POL-00091","CUST-00147","2026-08-11","2026-06-09",2393.00,0.00,1145.00,"Overdue","Check",,117.00,"2026-09-08 22:19:52.815"
"BILL-00244","POL-00072","CUST-00075","2026-06-02","2026-05-29",3884.00,0.00,3043.00,"Pending","Credit Card",,78.00,"2026-09-08 22:19:52.815"
"BILL-00245","POL-00120","CUST-00034","2026-03-19","2026-05-26",3352.00,2230.00,0.00,"Paid","Bank Transfer","2026-08-12",0.00,"2026-09-08 22:19:52.815"
"BILL-00246","POL-00257","CUST-00007","2026-05-03","2026-07-02",1307.00,2047.00,0.00,"Paid","Auto-Debit","2026-09-05",0.00,"2026-09-08 22:19:52.815"
"BILL-00247","POL-00228","CUST-00121","2026-06-12","2026-08-11",1302.00,2862.00,0.00,"Paid","Check","2026-08-17",0.00,"2026-09-08 22:19:52.815"
"BILL-00248","POL-00177","CUST-00110","2026-09-01","2026-07-30",4120.00,0.00,8952.00,"Overdue","Credit Card",,109.00,"2026-09-08 22:19:52.815"
"BILL-00249","POL-00024","CUST-00024","2026-05-23","2026-04-25",1182.00,0.00,4210.00,"Pending","Bank Transfer",,50.00,"2026-09-08 22:19:52.815"
"BILL-00250","POL-00170","CUST-00085","2026-06-11","2026-09-08",4699.00,2058.00,11703.00,"Paid","Auto-Debit","2026-09-07",0.00,"2026-09-08 22:19:52.815"
"BILL-00251","POL-00269","CUST-00008","2026-07-03","2026-07-12",3305.00,3847.00,0.00,"Paid","Check","2026-08-21",0.00,"2026-09-08 22:19:52.815"
"BILL-00252","POL-00250","CUST-00165","2026-08-23","2026-08-23",2853.00,3525.00,0.00,"Paid","Credit Card","2026-08-17",0.00,"2026-09-08 22:19:52.815"
"BILL-00253","POL-00028","CUST-00025","2026-06-14","2026-04-26",2528.00,0.00,8607.00,"Overdue","Bank Transfer",,27.00,"2026-09-08 22:19:52.815"
"BILL-00254","POL-00261","CUST-00104","2026-08-30","2026-07-09",4635.00,0.00,8714.00,"Pending","Auto-Debit",,54.00,"2026-09-08 22:19:52.815"
"BILL-00255","POL-00111","CUST-00058","2026-08-07","2026-05-02",4022.00,4439.00,0.00,"Paid","Check","2026-09-05",0.00,"2026-09-08 22:19:52.815"
"BILL-00256","POL-00099","CUST-00064","2026-06-05","2026-04-15",2689.00,2769.00,0.00,"Paid","Credit Card","2026-08-14",0.00,"2026-09-08 22:19:52.815"
"BILL-00257","POL-00228","CUST-00124","2026-06-24","2026-04-13",932.00,2250.00,0.00,"Paid","Bank Transfer","2026-08-19",0.00,"2026-09-08 22:19:52.815"
"BILL-00258","POL-00218","CUST-00013","2026-05-10","2026-06-10",1751.00,0.00,6069.00,"Overdue","Auto-Debit",,64.00,"2026-09-08 22:19:52.815"
"BILL-00259","POL-00115","CUST-00037","2026-04-26","2026-08-14",3026.00,0.00,7976.00,"Pending","Check",,101.00,"2026-09-08 22:19:52.815"
"BILL-00260","POL-00108","CUST-00018","2026-07-06","2026-06-20",1221.00,3668.00,22584.00,"Paid","Credit Card","2026-08-28",0.00,"2026-09-08 22:19:52.815"
"BILL-00261","POL-00102","CUST-00020","2026-04-06","2026-06-07",1357.00,2278.00,0.00,"Paid","Bank Transfer","2026-09-05",0.00,"2026-09-08 22:19:52.815"
"BILL-00262","POL-00210","CUST-00149","2026-03-17","2026-04-30",3470.00,2660.00,0.00,"Paid","Auto-Debit","2026-08-13",0.00,"2026-09-08 22:19:52.815"
"BILL-00263","POL-00159","CUST-00166","2026-04-17","2026-09-03",3706.00,0.00,2295.00,"Overdue","Check",,54.00,"2026-09-08 22:19:52.815"
"BILL-00264","POL-00282","CUST-00134","2026-05-24","2026-05-30",4511.00,0.00,3133.00,"Pending","Credit Card",,115.00,"2026-09-08 22:19:52.815"
"BILL-00265","POL-00102","CUST-00028","2026-04-19","2026-05-13",380.00,2738.00,0.00,"Paid","Bank Transfer","2026-09-04",0.00,"2026-09-08 22:19:52.815"
"BILL-00266","POL-00019","CUST-00191","2026-08-24","2026-08-23",2040.00,1191.00,0.00,"Paid","Auto-Debit","2026-08-30",0.00,"2026-09-08 22:19:52.815"
"BILL-00267","POL-00285","CUST-00038","2026-05-18","2026-08-20",4847.00,4735.00,0.00,"Paid","Check","2026-08-11",0.00,"2026-09-08 22:19:52.815"
"BILL-00268","POL-00095","CUST-00040","2026-08-02","2026-07-22",253.00,0.00,7965.00,"Overdue","Credit Card",,105.00,"2026-09-08 22:19:52.815"
"BILL-00269","POL-00169","CUST-00185","2026-08-26","2026-05-10",1565.00,0.00,3180.00,"Pending","Bank Transfer",,53.00,"2026-09-08 22:19:52.815"
"BILL-00270","POL-00287","CUST-00050","2026-06-27","2026-08-10",3163.00,2985.00,12766.00,"Paid","Auto-Debit","2026-09-07",0.00,"2026-09-08 22:19:52.815"
"BILL-00271","POL-00281","CUST-00018","2026-04-19","2026-05-04",1908.00,3618.00,0.00,"Paid","Check","2026-08-21",0.00,"2026-09-08 22:19:52.815"
"BILL-00272","POL-00054","CUST-00121","2026-03-29","2026-07-13",3387.00,4589.00,0.00,"Paid","Credit Card","2026-08-13",0.00,"2026-09-08 22:19:52.815"
"BILL-00273","POL-00049","CUST-00115","2026-03-12","2026-04-12",274.00,0.00,6198.00,"Overdue","Bank Transfer",,32.00,"2026-09-08 22:19:52.815"
"BILL-00274","POL-00254","CUST-00167","2026-04-21","2026-07-08",726.00,0.00,3036.00,"Pending","Auto-Debit",,96.00,"2026-09-08 22:19:52.815"
"BILL-00275","POL-00001","CUST-00026","2026-06-03","2026-07-31",1861.00,3956.00,0.00,"Paid","Check","2026-08-09",0.00,"2026-09-08 22:19:52.815"
"BILL-00276","POL-00216","CUST-00153","2026-08-11","2026-04-23",602.00,1932.00,0.00,"Paid","Credit Card","2026-09-05",0.00,"2026-09-08 22:19:52.815"
"BILL-00277","POL-00221","CUST-00028","2026-07-31","2026-07-13",3654.00,2514.00,0.00,"Paid","Bank Transfer","2026-09-04",0.00,"2026-09-08 22:19:52.815"
"BILL-00278","POL-00282","CUST-00029","2026-03-19","2026-08-01",3005.00,0.00,5238.00,"Overdue","Auto-Debit",,150.00,"2026-09-08 22:19:52.815"
"BILL-00279","POL-00127","CUST-00189","2026-08-30","2026-07-19",950.00,0.00,3921.00,"Pending","Check",,133.00,"2026-09-08 22:19:52.815"
"BILL-00280","POL-00085","CUST-00186","2026-04-11","2026-06-02",3651.00,3151.00,19149.00,"Paid","Credit Card","2026-08-17",0.00,"2026-09-08 22:19:52.815"
"BILL-00281","POL-00223","CUST-00185","2026-06-13","2026-07-17",583.00,4434.00,0.00,"Paid","Bank Transfer","2026-08-31",0.00,"2026-09-08 22:19:52.815"
"BILL-00282","POL-00001","CUST-00130","2026-07-21","2026-07-19",4578.00,3302.00,0.00,"Paid","Auto-Debit","2026-09-04",0.00,"2026-09-08 22:19:52.815"
"BILL-00283","POL-00139","CUST-00194","2026-04-18","2026-08-22",3704.00,0.00,3386.00,"Overdue","Check",,143.00,"2026-09-08 22:19:52.815"
"BILL-00284","POL-00012","CUST-00037","2026-03-30","2026-04-25",3945.00,0.00,2867.00,"Pending","Credit Card",,107.00,"2026-09-08 22:19:52.815"
"BILL-00285","POL-00135","CUST-00187","2026-06-22","2026-05-23",1896.00,3224.00,0.00,"Paid","Bank Transfer","2026-09-04",0.00,"2026-09-08 22:19:52.815"
"BILL-00286","POL-00139","CUST-00018","2026-08-19","2026-06-19",2957.00,844.00,0.00,"Paid","Auto-Debit","2026-08-13",0.00,"2026-09-08 22:19:52.815"
"BILL-00287","POL-00039","CUST-00136","2026-05-29","2026-04-14",3977.00,2355.00,0.00,"Paid","Check","2026-08-25",0.00,"2026-09-08 22:19:52.815"
"BILL-00288","POL-00235","CUST-00146","2026-08-24","2026-05-10",4745.00,0.00,2560.00,"Overdue","Credit Card",,42.00,"2026-09-08 22:19:52.815"
"BILL-00289","POL-00159","CUST-00110","2026-06-14","2026-08-20",3190.00,0.00,5456.00,"Pending","Bank Transfer",,75.00,"2026-09-08 22:19:52.815"
"BILL-00290","POL-00094","CUST-00018","2026-07-01","2026-08-30",947.00,2300.00,13164.00,"Paid","Auto-Debit","2026-08-30",0.00,"2026-09-08 22:19:52.815"
"BILL-00291","POL-00231","CUST-00178","2026-03-26","2026-06-13",1942.00,839.00,0.00,"Paid","Check","2026-08-23",0.00,"2026-09-08 22:19:52.815"
"BILL-00292","POL-00202","CUST-00171","2026-03-24","2026-04-30",2240.00,1404.00,0.00,"Paid","Credit Card","2026-08-10",0.00,"2026-09-08 22:19:52.815"
"BILL-00293","POL-00185","CUST-00165","2026-04-27","2026-05-06",2719.00,0.00,6698.00,"Overdue","Bank Transfer",,25.00,"2026-09-08 22:19:52.815"
"BILL-00294","POL-00157","CUST-00103","2026-07-28","2026-06-15",673.00,0.00,6078.00,"Pending","Auto-Debit",,52.00,"2026-09-08 22:19:52.815"
"BILL-00295","POL-00099","CUST-00048","2026-05-04","2026-08-03",1806.00,747.00,0.00,"Paid","Check","2026-08-16",0.00,"2026-09-08 22:19:52.815"
"BILL-00296","POL-00265","CUST-00050","2026-07-14","2026-05-31",2041.00,3074.00,0.00,"Paid","Credit Card","2026-08-11",0.00,"2026-09-08 22:19:52.815"
"BILL-00297","POL-00107","CUST-00176","2026-05-28","2026-08-06",1821.00,2377.00,0.00,"Paid","Bank Transfer","2026-09-01",0.00,"2026-09-08 22:19:52.815"
"BILL-00298","POL-00276","CUST-00197","2026-06-21","2026-07-03",3177.00,0.00,1785.00,"Overdue","Auto-Debit",,82.00,"2026-09-08 22:19:52.815"
"BILL-00299","POL-00272","CUST-00170","2026-08-06","2026-04-19",3833.00,0.00,2500.00,"Pending","Check",,61.00,"2026-09-08 22:19:52.815"
"BILL-00300","POL-00183","CUST-00028","2026-06-18","2026-07-26",2183.00,1687.00,10269.00,"Paid","Credit Card","2026-09-07",0.00,"2026-09-08 22:19:52.815"
"BILL-00301","POL-00100","CUST-00192","2026-07-10","2026-07-17",225.00,1136.00,0.00,"Paid","Bank Transfer","2026-08-11",0.00,"2026-09-08 22:19:52.815"
"BILL-00302","POL-00230","CUST-00098","2026-07-22","2026-05-16",2747.00,2555.00,0.00,"Paid","Auto-Debit","2026-09-05",0.00,"2026-09-08 22:19:52.815"
"BILL-00303","POL-00034","CUST-00025","2026-04-18","2026-06-18",3966.00,0.00,5346.00,"Overdue","Check",,105.00,"2026-09-08 22:19:52.815"
"BILL-00304","POL-00187","CUST-00059","2026-05-02","2026-04-13",3382.00,0.00,5084.00,"Pending","Credit Card",,89.00,"2026-09-08 22:19:52.815"
"BILL-00305","POL-00088","CUST-00039","2026-06-06","2026-08-27",1582.00,1201.00,0.00,"Paid","Bank Transfer","2026-08-09",0.00,"2026-09-08 22:19:52.815"
"BILL-00306","POL-00240","CUST-00125","2026-05-26","2026-06-08",4383.00,3292.00,0.00,"Paid","Auto-Debit","2026-09-07",0.00,"2026-09-08 22:19:52.815"
"BILL-00307","POL-00255","CUST-00040","2026-08-10","2026-04-19",387.00,2818.00,0.00,"Paid","Check","2026-08-21",0.00,"2026-09-08 22:19:52.815"
"BILL-00308","POL-00213","CUST-00086","2026-04-11","2026-07-09",899.00,0.00,6343.00,"Overdue","Credit Card",,65.00,"2026-09-08 22:19:52.815"
"BILL-00309","POL-00152","CUST-00111","2026-08-27","2026-07-15",850.00,0.00,671.00,"Pending","Bank Transfer",,31.00,"2026-09-08 22:19:52.815"
"BILL-00310","POL-00263","CUST-00150","2026-05-23","2026-04-27",1828.00,4599.00,22673.00,"Paid","Auto-Debit","2026-08-29",0.00,"2026-09-08 22:19:52.815"
"BILL-00311","POL-00067","CUST-00088","2026-04-28","2026-05-17",445.00,1131.00,0.00,"Paid","Check","2026-08-25",0.00,"2026-09-08 22:19:52.815"
"BILL-00312","POL-00182","CUST-00003","2026-07-02","2026-05-14",2852.00,1088.00,0.00,"Paid","Credit Card","2026-08-29",0.00,"2026-09-08 22:19:52.815"
"BILL-00313","POL-00270","CUST-00047","2026-07-09","2026-09-08",2835.00,0.00,1454.00,"Overdue","Bank Transfer",,132.00,"2026-09-08 22:19:52.815"
"BILL-00314","POL-00074","CUST-00069","2026-08-13","2026-08-22",4862.00,0.00,7263.00,"Pending","Auto-Debit",,73.00,"2026-09-08 22:19:52.815"
"BILL-00315","POL-00141","CUST-00071","2026-08-19","2026-07-02",1156.00,2789.00,0.00,"Paid","Check","2026-08-24",0.00,"2026-09-08 22:19:52.815"
"BILL-00316","POL-00063","CUST-00131","2026-05-10","2026-06-10",4924.00,3565.00,0.00,"Paid","Credit Card","2026-08-09",0.00,"2026-09-08 22:19:52.815"
"BILL-00317","POL-00271","CUST-00127","2026-05-04","2026-04-14",1143.00,3827.00,0.00,"Paid","Bank Transfer","2026-08-13",0.00,"2026-09-08 22:19:52.815"
"BILL-00318","POL-00065","CUST-00015","2026-06-02","2026-04-12",527.00,0.00,6953.00,"Overdue","Auto-Debit",,43.00,"2026-09-08 22:19:52.815"
"BILL-00319","POL-00092","CUST-00111","2026-06-22","2026-08-30",1340.00,0.00,2849.00,"Pending","Check",,30.00,"2026-09-08 22:19:52.815"
"BILL-00320","POL-00094","CUST-00067","2026-05-27","2026-07-20",738.00,1858.00,20456.00,"Paid","Credit Card","2026-08-17",0.00,"2026-09-08 22:19:52.815"
"BILL-00321","POL-00055","CUST-00052","2026-06-06","2026-08-04",1146.00,3940.00,0.00,"Paid","Bank Transfer","2026-08-18",0.00,"2026-09-08 22:19:52.815"
"BILL-00322","POL-00053","CUST-00056","2026-05-16","2026-06-30",2057.00,3445.00,0.00,"Paid","Auto-Debit","2026-08-17",0.00,"2026-09-08 22:19:52.815"
"BILL-00323","POL-00051","CUST-00174","2026-03-24","2026-09-07",1455.00,0.00,884.00,"Overdue","Check",,107.00,"2026-09-08 22:19:52.815"
"BILL-00324","POL-00137","CUST-00056","2026-03-25","2026-06-01",3674.00,0.00,2776.00,"Pending","Credit Card",,72.00,"2026-09-08 22:19:52.815"
"BILL-00325","POL-00063","CUST-00176","2026-08-24","2026-04-30",1276.00,2124.00,0.00,"Paid","Bank Transfer","2026-08-14",0.00,"2026-09-08 22:19:52.815"
"BILL-00326","POL-00031","CUST-00005","2026-03-29","2026-08-22",3790.00,2021.00,0.00,"Paid","Auto-Debit","2026-08-30",0.00,"2026-09-08 22:19:52.815"
"BILL-00327","POL-00048","CUST-00045","2026-05-27","2026-07-22",1415.00,3460.00,0.00,"Paid","Check","2026-08-30",0.00,"2026-09-08 22:19:52.815"
"BILL-00328","POL-00085","CUST-00180","2026-06-20","2026-07-03",3426.00,0.00,1675.00,"Overdue","Credit Card",,38.00,"2026-09-08 22:19:52.815"
"BILL-00329","POL-00027","CUST-00139","2026-06-12","2026-06-30",1967.00,0.00,3016.00,"Pending","Bank Transfer",,105.00,"2026-09-08 22:19:52.815"
"BILL-00330","POL-00064","CUST-00183","2026-03-28","2026-06-25",1578.00,1603.00,11905.00,"Paid","Auto-Debit","2026-08-14",0.00,"2026-09-08 22:19:52.815"
"BILL-00331","POL-00066","CUST-00045","2026-05-28","2026-06-16",1182.00,383.00,0.00,"Paid","Check","2026-09-03",0.00,"2026-09-08 22:19:52.815"
"BILL-00332","POL-00108","CUST-00015","2026-07-19","2026-08-22",2928.00,1188.00,0.00,"Paid","Credit Card","2026-09-02",0.00,"2026-09-08 22:19:52.815"
"BILL-00333","POL-00077","CUST-00198","2026-08-19","2026-07-19",315.00,0.00,6647.00,"Overdue","Bank Transfer",,52.00,"2026-09-08 22:19:52.815"
"BILL-00334","POL-00272","CUST-00079","2026-09-04","2026-06-13",1944.00,0.00,2905.00,"Pending","Auto-Debit",,83.00,"2026-09-08 22:19:52.815"
"BILL-00335","POL-00069","CUST-00188","2026-08-20","2026-08-19",3874.00,3437.00,0.00,"Paid","Check","2026-08-12",0.00,"2026-09-08 22:19:52.815"
"BILL-00336","POL-00290","CUST-00015","2026-04-10","2026-08-29",4578.00,1402.00,0.00,"Paid","Credit Card","2026-08-17",0.00,"2026-09-08 22:19:52.815"
"BILL-00337","POL-00191","CUST-00102","2026-07-15","2026-05-28",3437.00,2530.00,0.00,"Paid","Bank Transfer","2026-09-03",0.00,"2026-09-08 22:19:52.815"
"BILL-00338","POL-00035","CUST-00166","2026-05-29","2026-05-11",2527.00,0.00,1654.00,"Overdue","Auto-Debit",,26.00,"2026-09-08 22:19:52.815"
"BILL-00339","POL-00060","CUST-00159","2026-06-22","2026-07-28",4646.00,0.00,7094.00,"Pending","Check",,109.00,"2026-09-08 22:19:52.815"
"BILL-00340","POL-00132","CUST-00193","2026-03-14","2026-05-22",236.00,1898.00,22977.00,"Paid","Credit Card","2026-08-24",0.00,"2026-09-08 22:19:52.815"
"BILL-00341","POL-00154","CUST-00187","2026-07-08","2026-05-15",3533.00,3231.00,0.00,"Paid","Bank Transfer","2026-09-05",0.00,"2026-09-08 22:19:52.815"
"BILL-00342","POL-00228","CUST-00182","2026-04-20","2026-06-24",1002.00,2683.00,0.00,"Paid","Auto-Debit","2026-09-06",0.00,"2026-09-08 22:19:52.815"
"BILL-00343","POL-00098","CUST-00001","2026-04-07","2026-05-07",4038.00,0.00,6921.00,"Overdue","Check",,46.00,"2026-09-08 22:19:52.815"
"BILL-00344","POL-00000","CUST-00051","2026-08-26","2026-06-01",4283.00,0.00,644.00,"Pending","Credit Card",,83.00,"2026-09-08 22:19:52.815"
"BILL-00345","POL-00201","CUST-00153","2026-05-22","2026-05-13",4341.00,286.00,0.00,"Paid","Bank Transfer","2026-08-09",0.00,"2026-09-08 22:19:52.815"
"BILL-00346","POL-00205","CUST-00067","2026-08-13","2026-08-17",409.00,1010.00,0.00,"Paid","Auto-Debit","2026-08-13",0.00,"2026-09-08 22:19:52.815"
"BILL-00347","POL-00176","CUST-00180","2026-03-30","2026-05-20",1481.00,3430.00,0.00,"Paid","Check","2026-08-21",0.00,"2026-09-08 22:19:52.815"
"BILL-00348","POL-00072","CUST-00144","2026-05-25","2026-08-11",4133.00,0.00,4403.00,"Overdue","Credit Card",,129.00,"2026-09-08 22:19:52.815"
"BILL-00349","POL-00256","CUST-00129","2026-08-10","2026-06-01",1018.00,0.00,8058.00,"Pending","Bank Transfer",,85.00,"2026-09-08 22:19:52.815"
"BILL-00350","POL-00008","CUST-00122","2026-08-31","2026-05-16",3950.00,2952.00,13180.00,"Paid","Auto-Debit","2026-09-01",0.00,"2026-09-08 22:19:52.815"
"BILL-00351","POL-00055","CUST-00172","2026-04-29","2026-05-25",1094.00,612.00,0.00,"Paid","Check","2026-09-02",0.00,"2026-09-08 22:19:52.815"
"BILL-00352","POL-00278","CUST-00064","2026-03-30","2026-08-16",373.00,3851.00,0.00,"Paid","Credit Card","2026-08-26",0.00,"2026-09-08 22:19:52.815"
"BILL-00353","POL-00043","CUST-00078","2026-06-09","2026-06-26",860.00,0.00,5118.00,"Overdue","Bank Transfer",,67.00,"2026-09-08 22:19:52.815"
"BILL-00354","POL-00193","CUST-00195","2026-05-25","2026-04-26",3634.00,0.00,4466.00,"Pending","Auto-Debit",,57.00,"2026-09-08 22:19:52.815"
"BILL-00355","POL-00154","CUST-00096","2026-05-05","2026-05-05",4557.00,2636.00,0.00,"Paid","Check","2026-08-30",0.00,"2026-09-08 22:19:52.815"
"BILL-00356","POL-00246","CUST-00076","2026-05-21","2026-08-30",3510.00,4668.00,0.00,"Paid","Credit Card","2026-08-27",0.00,"2026-09-08 22:19:52.815"
"BILL-00357","POL-00179","CUST-00135","2026-03-21","2026-06-27",2130.00,2641.00,0.00,"Paid","Bank Transfer","2026-09-04",0.00,"2026-09-08 22:19:52.815"
"BILL-00358","POL-00239","CUST-00174","2026-04-12","2026-09-03",3413.00,0.00,8076.00,"Overdue","Auto-Debit",,103.00,"2026-09-08 22:19:52.815"
"BILL-00359","POL-00005","CUST-00043","2026-03-21","2026-06-20",1293.00,0.00,8382.00,"Pending","Check",,48.00,"2026-09-08 22:19:52.815"
"BILL-00360","POL-00239","CUST-00128","2026-04-04","2026-05-28",3163.00,2260.00,20812.00,"Paid","Credit Card","2026-09-02",0.00,"2026-09-08 22:19:52.815"
"BILL-00361","POL-00098","CUST-00195","2026-07-26","2026-05-11",1541.00,2042.00,0.00,"Paid","Bank Transfer","2026-09-05",0.00,"2026-09-08 22:19:52.815"
"BILL-00362","POL-00244","CUST-00145","2026-05-12","2026-05-05",2568.00,1159.00,0.00,"Paid","Auto-Debit","2026-08-26",0.00,"2026-09-08 22:19:52.815"
"BILL-00363","POL-00290","CUST-00156","2026-07-10","2026-08-26",3107.00,0.00,1454.00,"Overdue","Check",,107.00,"2026-09-08 22:19:52.815"
"BILL-00364","POL-00179","CUST-00011","2026-04-20","2026-04-29",1576.00,0.00,6396.00,"Pending","Credit Card",,113.00,"2026-09-08 22:19:52.815"
"BILL-00365","POL-00060","CUST-00118","2026-06-28","2026-05-09",2843.00,1639.00,0.00,"Paid","Bank Transfer","2026-08-31",0.00,"2026-09-08 22:19:52.815"
"BILL-00366","POL-00136","CUST-00156","2026-05-03","2026-04-17",1576.00,4994.00,0.00,"Paid","Auto-Debit","2026-09-08",0.00,"2026-09-08 22:19:52.815"
"BILL-00367","POL-00103","CUST-00184","2026-03-24","2026-08-06",3764.00,2150.00,0.00,"Paid","Check","2026-09-04",0.00,"2026-09-08 22:19:52.815"
"BILL-00368","POL-00145","CUST-00075","2026-03-13","2026-07-10",3944.00,0.00,6309.00,"Overdue","Credit Card",,29.00,"2026-09-08 22:19:52.815"
"BILL-00369","POL-00273","CUST-00187","2026-05-06","2026-06-01",355.00,0.00,3499.00,"Pending","Bank Transfer",,131.00,"2026-09-08 22:19:52.815"
"BILL-00370","POL-00283","CUST-00023","2026-08-07","2026-05-20",2501.00,202.00,23181.00,"Paid","Auto-Debit","2026-08-25",0.00,"2026-09-08 22:19:52.815"
"BILL-00371","POL-00195","CUST-00108","2026-05-29","2026-04-20",2851.00,285.00,0.00,"Paid","Check","2026-09-05",0.00,"2026-09-08 22:19:52.815"
"BILL-00372","POL-00218","CUST-00121","2026-06-15","2026-06-05",1361.00,2737.00,0.00,"Paid","Credit Card","2026-09-07",0.00,"2026-09-08 22:19:52.815"
"BILL-00373","POL-00051","CUST-00139","2026-06-11","2026-04-12",3813.00,0.00,8733.00,"Overdue","Bank Transfer",,133.00,"2026-09-08 22:19:52.815"
"BILL-00374","POL-00286","CUST-00000","2026-07-13","2026-07-30",1295.00,0.00,8066.00,"Pending","Auto-Debit",,63.00,"2026-09-08 22:19:52.815"
"BILL-00375","POL-00024","CUST-00061","2026-04-30","2026-05-23",4591.00,381.00,0.00,"Paid","Check","2026-08-29",0.00,"2026-09-08 22:19:52.815"
"BILL-00376","POL-00059","CUST-00177","2026-06-24","2026-05-22",3564.00,3415.00,0.00,"Paid","Credit Card","2026-08-26",0.00,"2026-09-08 22:19:52.815"
"BILL-00377","POL-00108","CUST-00139","2026-04-06","2026-07-21",1902.00,734.00,0.00,"Paid","Bank Transfer","2026-08-26",0.00,"2026-09-08 22:19:52.815"
"BILL-00378","POL-00290","CUST-00018","2026-06-02","2026-08-06",1971.00,0.00,2029.00,"Overdue","Auto-Debit",,73.00,"2026-09-08 22:19:52.815"
"BILL-00379","POL-00075","CUST-00002","2026-08-14","2026-05-20",2267.00,0.00,1577.00,"Pending","Check",,97.00,"2026-09-08 22:19:52.815"
"BILL-00380","POL-00293","CUST-00060","2026-07-16","2026-06-16",3900.00,704.00,14361.00,"Paid","Credit Card","2026-08-27",0.00,"2026-09-08 22:19:52.815"
"BILL-00381","POL-00197","CUST-00071","2026-08-03","2026-08-18",3442.00,893.00,0.00,"Paid","Bank Transfer","2026-08-28",0.00,"2026-09-08 22:19:52.815"
"BILL-00382","POL-00096","CUST-00008","2026-08-19","2026-07-26",3409.00,3585.00,0.00,"Paid","Auto-Debit","2026-08-31",0.00,"2026-09-08 22:19:52.815"
"BILL-00383","POL-00182","CUST-00175","2026-04-04","2026-05-08",1810.00,0.00,3645.00,"Overdue","Check",,36.00,"2026-09-08 22:19:52.815"
"BILL-00384","POL-00044","CUST-00006","2026-07-18","2026-08-11",4153.00,0.00,3490.00,"Pending","Credit Card",,107.00,"2026-09-08 22:19:52.815"
"BILL-00385","POL-00240","CUST-00085","2026-07-12","2026-05-14",1628.00,2081.00,0.00,"Paid","Bank Transfer","2026-09-05",0.00,"2026-09-08 22:19:52.815"
"BILL-00386","POL-00133","CUST-00025","2026-03-26","2026-04-14",1772.00,2370.00,0.00,"Paid","Auto-Debit","2026-08-27",0.00,"2026-09-08 22:19:52.815"
"BILL-00387","POL-00077","CUST-00024","2026-08-16","2026-05-07",2415.00,3500.00,0.00,"Paid","Check","2026-09-02",0.00,"2026-09-08 22:19:52.815"
"BILL-00388","POL-00154","CUST-00085","2026-03-28","2026-08-23",4945.00,0.00,6048.00,"Overdue","Credit Card",,118.00,"2026-09-08 22:19:52.815"
"BILL-00389","POL-00278","CUST-00010","2026-08-21","2026-05-31",4218.00,0.00,8833.00,"Pending","Bank Transfer",,128.00,"2026-09-08 22:19:52.815"
"BILL-00390","POL-00142","CUST-00177","2026-04-06","2026-07-16",1316.00,1279.00,20128.00,"Paid","Auto-Debit","2026-08-31",0.00,"2026-09-08 22:19:52.815"
"BILL-00391","POL-00219","CUST-00001","2026-03-14","2026-06-17",1642.00,1916.00,0.00,"Paid","Check","2026-08-25",0.00,"2026-09-08 22:19:52.815"
"BILL-00392","POL-00041","CUST-00079","2026-08-02","2026-07-15",4967.00,1140.00,0.00,"Paid","Credit Card","2026-09-08",0.00,"2026-09-08 22:19:52.815"
"BILL-00393","POL-00191","CUST-00159","2026-05-20","2026-08-08",3859.00,0.00,6264.00,"Overdue","Bank Transfer",,65.00,"2026-09-08 22:19:52.815"
"BILL-00394","POL-00185","CUST-00198","2026-04-11","2026-07-07",2681.00,0.00,2097.00,"Pending","Auto-Debit",,68.00,"2026-09-08 22:19:52.815"
"BILL-00395","POL-00038","CUST-00141","2026-06-19","2026-07-07",379.00,4631.00,0.00,"Paid","Check","2026-08-23",0.00,"2026-09-08 22:19:52.815"
"BILL-00396","POL-00062","CUST-00180","2026-04-14","2026-06-11",2613.00,751.00,0.00,"Paid","Credit Card","2026-09-04",0.00,"2026-09-08 22:19:52.815"
"BILL-00397","POL-00211","CUST-00136","2026-06-09","2026-07-11",921.00,4413.00,0.00,"Paid","Bank Transfer","2026-08-28",0.00,"2026-09-08 22:19:52.815"
"BILL-00398","POL-00077","CUST-00111","2026-05-03","2026-04-13",244.00,0.00,3051.00,"Overdue","Auto-Debit",,43.00,"2026-09-08 22:19:52.815"
"BILL-00399","POL-00256","CUST-00097","2026-07-02","2026-05-30",226.00,0.00,5866.00,"Pending","Check",,134.00,"2026-09-08 22:19:52.815"
"BILL-00400","POL-00210","CUST-00135","2026-08-26","2026-05-27",248.00,2500.00,18540.00,"Paid","Credit Card","2026-08-20",0.00,"2026-09-08 22:19:52.815"
"BILL-00401","POL-00162","CUST-00087","2026-08-26","2026-08-18",1537.00,1413.00,0.00,"Paid","Bank Transfer","2026-08-23",0.00,"2026-09-08 22:19:52.815"
"BILL-00402","POL-00208","CUST-00079","2026-08-02","2026-09-02",3562.00,2350.00,0.00,"Paid","Auto-Debit","2026-08-27",0.00,"2026-09-08 22:19:52.815"
"BILL-00403","POL-00156","CUST-00140","2026-06-23","2026-08-19",3470.00,0.00,2266.00,"Overdue","Check",,47.00,"2026-09-08 22:19:52.815"
"BILL-00404","POL-00235","CUST-00101","2026-08-04","2026-08-16",2023.00,0.00,7749.00,"Pending","Credit Card",,141.00,"2026-09-08 22:19:52.815"
"BILL-00405","POL-00152","CUST-00157","2026-03-12","2026-07-06",3225.00,1990.00,0.00,"Paid","Bank Transfer","2026-09-03",0.00,"2026-09-08 22:19:52.815"
"BILL-00406","POL-00298","CUST-00076","2026-06-22","2026-05-21",875.00,965.00,0.00,"Paid","Auto-Debit","2026-08-27",0.00,"2026-09-08 22:19:52.815"
"BILL-00407","POL-00157","CUST-00082","2026-08-27","2026-08-30",1774.00,1525.00,0.00,"Paid","Check","2026-08-18",0.00,"2026-09-08 22:19:52.815"
"BILL-00408","POL-00152","CUST-00126","2026-05-12","2026-04-17",4266.00,0.00,1893.00,"Overdue","Credit Card",,33.00,"2026-09-08 22:19:52.815"
"BILL-00409","POL-00281","CUST-00101","2026-05-23","2026-07-26",897.00,0.00,2688.00,"Pending","Bank Transfer",,96.00,"2026-09-08 22:19:52.815"
"BILL-00410","POL-00243","CUST-00121","2026-03-12","2026-06-05",2749.00,1613.00,18923.00,"Paid","Auto-Debit","2026-08-10",0.00,"2026-09-08 22:19:52.815"
"BILL-00411","POL-00295","CUST-00096","2026-08-19","2026-06-01",3862.00,3417.00,0.00,"Paid","Check","2026-08-24",0.00,"2026-09-08 22:19:52.815"
"BILL-00412","POL-00224","CUST-00044","2026-08-04","2026-05-10",3810.00,4989.00,0.00,"Paid","Credit Card","2026-09-06",0.00,"2026-09-08 22:19:52.815"
"BILL-00413","POL-00208","CUST-00189","2026-08-15","2026-08-15",3915.00,0.00,4611.00,"Overdue","Bank Transfer",,116.00,"2026-09-08 22:19:52.815"
"BILL-00414","POL-00183","CUST-00068","2026-08-07","2026-07-24",528.00,0.00,3035.00,"Pending","Auto-Debit",,25.00,"2026-09-08 22:19:52.815"
"BILL-00415","POL-00228","CUST-00117","2026-07-04","2026-04-24",3476.00,3876.00,0.00,"Paid","Check","2026-08-29",0.00,"2026-09-08 22:19:52.815"
"BILL-00416","POL-00136","CUST-00103","2026-08-06","2026-08-11",914.00,2534.00,0.00,"Paid","Credit Card","2026-09-03",0.00,"2026-09-08 22:19:52.815"
"BILL-00417","POL-00032","CUST-00011","2026-06-29","2026-06-15",1166.00,1339.00,0.00,"Paid","Bank Transfer","2026-08-10",0.00,"2026-09-08 22:19:52.815"
"BILL-00418","POL-00161","CUST-00074","2026-07-05","2026-07-26",3256.00,0.00,2720.00,"Overdue","Auto-Debit",,110.00,"2026-09-08 22:19:52.815"
"BILL-00419","POL-00186","CUST-00009","2026-06-20","2026-05-21",889.00,0.00,6338.00,"Pending","Check",,137.00,"2026-09-08 22:19:52.815"
"BILL-00420","POL-00238","CUST-00135","2026-07-06","2026-07-06",1580.00,3762.00,10045.00,"Paid","Credit Card","2026-09-01",0.00,"2026-09-08 22:19:52.815"
"BILL-00421","POL-00033","CUST-00102","2026-06-13","2026-09-05",4616.00,3965.00,0.00,"Paid","Bank Transfer","2026-08-12",0.00,"2026-09-08 22:19:52.815"
"BILL-00422","POL-00166","CUST-00020","2026-06-25","2026-08-22",4291.00,4063.00,0.00,"Paid","Auto-Debit","2026-08-21",0.00,"2026-09-08 22:19:52.815"
"BILL-00423","POL-00186","CUST-00162","2026-08-17","2026-06-07",2959.00,0.00,2904.00,"Overdue","Check",,127.00,"2026-09-08 22:19:52.815"
"BILL-00424","POL-00187","CUST-00144","2026-04-29","2026-04-18",1038.00,0.00,7677.00,"Pending","Credit Card",,139.00,"2026-09-08 22:19:52.815"
"BILL-00425","POL-00233","CUST-00091","2026-04-14","2026-08-23",1376.00,4443.00,0.00,"Paid","Bank Transfer","2026-08-23",0.00,"2026-09-08 22:19:52.815"
"BILL-00426","POL-00253","CUST-00135","2026-03-30","2026-07-14",1292.00,2800.00,0.00,"Paid","Auto-Debit","2026-08-14",0.00,"2026-09-08 22:19:52.815"
"BILL-00427","POL-00001","CUST-00146","2026-08-02","2026-04-16",3735.00,4651.00,0.00,"Paid","Check","2026-08-17",0.00,"2026-09-08 22:19:52.815"
"BILL-00428","POL-00134","CUST-00027","2026-04-15","2026-08-31",1158.00,0.00,1750.00,"Overdue","Credit Card",,59.00,"2026-09-08 22:19:52.815"
"BILL-00429","POL-00130","CUST-00172","2026-03-16","2026-07-04",2025.00,0.00,7425.00,"Pending","Bank Transfer",,145.00,"2026-09-08 22:19:52.815"
"BILL-00430","POL-00018","CUST-00113","2026-03-12","2026-06-05",4771.00,4103.00,15500.00,"Paid","Auto-Debit","2026-08-30",0.00,"2026-09-08 22:19:52.815"
"BILL-00431","POL-00217","CUST-00196","2026-06-26","2026-04-18",389.00,2967.00,0.00,"Paid","Check","2026-08-18",0.00,"2026-09-08 22:19:52.815"
"BILL-00432","POL-00105","CUST-00103","2026-05-21","2026-05-07",2073.00,2593.00,0.00,"Paid","Credit Card","2026-08-15",0.00,"2026-09-08 22:19:52.815"
"BILL-00433","POL-00112","CUST-00187","2026-09-02","2026-07-31",1451.00,0.00,8293.00,"Overdue","Bank Transfer",,150.00,"2026-09-08 22:19:52.815"
"BILL-00434","POL-00023","CUST-00187","2026-05-22","2026-08-17",1541.00,0.00,5063.00,"Pending","Auto-Debit",,124.00,"2026-09-08 22:19:52.815"
"BILL-00435","POL-00035","CUST-00127","2026-07-12","2026-07-25",574.00,4117.00,0.00,"Paid","Check","2026-09-01",0.00,"2026-09-08 22:19:52.815"
"BILL-00436","POL-00193","CUST-00057","2026-04-01","2026-05-17",3393.00,547.00,0.00,"Paid","Credit Card","2026-08-10",0.00,"2026-09-08 22:19:52.815"
"BILL-00437","POL-00047","CUST-00180","2026-03-12","2026-09-04",3103.00,1509.00,0.00,"Paid","Bank Transfer","2026-09-05",0.00,"2026-09-08 22:19:52.815"
"BILL-00438","POL-00047","CUST-00049","2026-05-05","2026-08-07",1276.00,0.00,7608.00,"Overdue","Auto-Debit",,26.00,"2026-09-08 22:19:52.815"
"BILL-00439","POL-00056","CUST-00030","2026-08-13","2026-07-26",4402.00,0.00,7706.00,"Pending","Check",,100.00,"2026-09-08 22:19:52.815"
"BILL-00440","POL-00016","CUST-00138","2026-06-27","2026-07-14",3058.00,3022.00,10132.00,"Paid","Credit Card","2026-09-01",0.00,"2026-09-08 22:19:52.815"
"BILL-00441","POL-00235","CUST-00033","2026-08-17","2026-08-01",3457.00,1898.00,0.00,"Paid","Bank Transfer","2026-09-01",0.00,"2026-09-08 22:19:52.815"
"BILL-00442","POL-00167","CUST-00144","2026-07-31","2026-05-14",1115.00,2520.00,0.00,"Paid","Auto-Debit","2026-08-18",0.00,"2026-09-08 22:19:52.815"
"BILL-00443","POL-00117","CUST-00177","2026-04-22","2026-06-08",4465.00,0.00,5529.00,"Overdue","Check",,52.00,"2026-09-08 22:19:52.815"
"BILL-00444","POL-00168","CUST-00031","2026-07-15","2026-08-21",4584.00,0.00,5860.00,"Pending","Credit Card",,105.00,"2026-09-08 22:19:52.815"
"BILL-00445","POL-00200","CUST-00025","2026-06-21","2026-05-30",527.00,2942.00,0.00,"Paid","Bank Transfer","2026-08-14",0.00,"2026-09-08 22:19:52.815"
"BILL-00446","POL-00035","CUST-00078","2026-08-14","2026-04-19",3427.00,4892.00,0.00,"Paid","Auto-Debit","2026-08-21",0.00,"2026-09-08 22:19:52.815"
"BILL-00447","POL-00066","CUST-00038","2026-05-08","2026-04-13",3850.00,4578.00,0.00,"Paid","Check","2026-08-26",0.00,"2026-09-08 22:19:52.815"
"BILL-00448","POL-00173","CUST-00146","2026-07-04","2026-08-27",4120.00,0.00,3133.00,"Overdue","Credit Card",,115.00,"2026-09-08 22:19:52.815"
"BILL-00449","POL-00036","CUST-00119","2026-08-28","2026-08-24",3805.00,0.00,6052.00,"Pending","Bank Transfer",,116.00,"2026-09-08 22:19:52.815"
"BILL-00450","POL-00244","CUST-00065","2026-07-16","2026-09-08",2618.00,3393.00,16043.00,"Paid","Auto-Debit","2026-08-11",0.00,"2026-09-08 22:19:52.815"
"BILL-00451","POL-00281","CUST-00060","2026-07-02","2026-09-07",2608.00,2183.00,0.00,"Paid","Check","2026-08-19",0.00,"2026-09-08 22:19:52.815"
"BILL-00452","POL-00009","CUST-00111","2026-08-29","2026-05-04",2712.00,1743.00,0.00,"Paid","Credit Card","2026-08-27",0.00,"2026-09-08 22:19:52.815"
"BILL-00453","POL-00206","CUST-00034","2026-05-07","2026-08-11",2723.00,0.00,8573.00,"Overdue","Bank Transfer",,141.00,"2026-09-08 22:19:52.815"
"BILL-00454","POL-00170","CUST-00140","2026-06-29","2026-07-12",3124.00,0.00,8514.00,"Pending","Auto-Debit",,79.00,"2026-09-08 22:19:52.815"
"BILL-00455","POL-00020","CUST-00013","2026-05-28","2026-04-23",4144.00,3655.00,0.00,"Paid","Check","2026-08-22",0.00,"2026-09-08 22:19:52.815"
"BILL-00456","POL-00223","CUST-00011","2026-04-21","2026-07-24",3148.00,2477.00,0.00,"Paid","Credit Card","2026-09-06",0.00,"2026-09-08 22:19:52.815"
"BILL-00457","POL-00277","CUST-00062","2026-08-17","2026-08-31",2042.00,2709.00,0.00,"Paid","Bank Transfer","2026-08-10",0.00,"2026-09-08 22:19:52.815"
"BILL-00458","POL-00226","CUST-00178","2026-06-10","2026-06-04",4961.00,0.00,7966.00,"Overdue","Auto-Debit",,90.00,"2026-09-08 22:19:52.815"
"BILL-00459","POL-00037","CUST-00128","2026-05-14","2026-08-18",1704.00,0.00,5147.00,"Pending","Check",,32.00,"2026-09-08 22:19:52.815"
"BILL-00460","POL-00062","CUST-00119","2026-08-04","2026-05-02",493.00,4911.00,15544.00,"Paid","Credit Card","2026-08-26",0.00,"2026-09-08 22:19:52.815"
"BILL-00461","POL-00085","CUST-00186","2026-08-22","2026-08-20",4717.00,705.00,0.00,"Paid","Bank Transfer","2026-08-09",0.00,"2026-09-08 22:19:52.815"
"BILL-00462","POL-00248","CUST-00010","2026-05-08","2026-07-21",3926.00,4251.00,0.00,"Paid","Auto-Debit","2026-08-19",0.00,"2026-09-08 22:19:52.815"
"BILL-00463","POL-00094","CUST-00051","2026-07-20","2026-08-17",4931.00,0.00,8310.00,"Overdue","Check",,95.00,"2026-09-08 22:19:52.815"
"BILL-00464","POL-00175","CUST-00111","2026-03-15","2026-04-17",2031.00,0.00,8201.00,"Pending","Credit Card",,108.00,"2026-09-08 22:19:52.815"
"BILL-00465","POL-00138","CUST-00007","2026-08-28","2026-05-04",1885.00,3844.00,0.00,"Paid","Bank Transfer","2026-08-30",0.00,"2026-09-08 22:19:52.815"
"BILL-00466","POL-00104","CUST-00044","2026-06-03","2026-08-13",1323.00,1268.00,0.00,"Paid","Auto-Debit","2026-08-15",0.00,"2026-09-08 22:19:52.815"
"BILL-00467","POL-00105","CUST-00168","2026-04-29","2026-08-30",1146.00,2364.00,0.00,"Paid","Check","2026-09-02",0.00,"2026-09-08 22:19:52.815"
"BILL-00468","POL-00262","CUST-00121","2026-05-08","2026-05-28",1405.00,0.00,6569.00,"Overdue","Credit Card",,100.00,"2026-09-08 22:19:52.815"
"BILL-00469","POL-00288","CUST-00197","2026-06-26","2026-07-25",1581.00,0.00,7148.00,"Pending","Bank Transfer",,40.00,"2026-09-08 22:19:52.815"
"BILL-00470","POL-00146","CUST-00141","2026-05-04","2026-07-24",1982.00,2068.00,17370.00,"Paid","Auto-Debit","2026-08-11",0.00,"2026-09-08 22:19:52.815"
"BILL-00471","POL-00262","CUST-00104","2026-06-08","2026-06-09",4732.00,3521.00,0.00,"Paid","Check","2026-08-12",0.00,"2026-09-08 22:19:52.815"
"BILL-00472","POL-00251","CUST-00142","2026-08-22","2026-04-19",4943.00,1192.00,0.00,"Paid","Credit Card","2026-08-21",0.00,"2026-09-08 22:19:52.815"
"BILL-00473","POL-00225","CUST-00106","2026-07-28","2026-08-24",3541.00,0.00,3477.00,"Overdue","Bank Transfer",,127.00,"2026-09-08 22:19:52.815"
"BILL-00474","POL-00049","CUST-00198","2026-04-28","2026-06-06",3488.00,0.00,8622.00,"Pending","Auto-Debit",,30.00,"2026-09-08 22:19:52.815"
"BILL-00475","POL-00236","CUST-00112","2026-05-23","2026-06-20",4668.00,4631.00,0.00,"Paid","Check","2026-08-26",0.00,"2026-09-08 22:19:52.815"
"BILL-00476","POL-00174","CUST-00164","2026-08-15","2026-07-28",1070.00,4936.00,0.00,"Paid","Credit Card","2026-08-18",0.00,"2026-09-08 22:19:52.815"
"BILL-00477","POL-00288","CUST-00191","2026-03-24","2026-04-13",4108.00,1862.00,0.00,"Paid","Bank Transfer","2026-08-29",0.00,"2026-09-08 22:19:52.815"
"BILL-00478","POL-00134","CUST-00053","2026-07-22","2026-08-04",4759.00,0.00,1472.00,"Overdue","Auto-Debit",,100.00,"2026-09-08 22:19:52.815"
"BILL-00479","POL-00074","CUST-00161","2026-05-28","2026-08-14",1286.00,0.00,8055.00,"Pending","Check",,126.00,"2026-09-08 22:19:52.815"
"BILL-00480","POL-00259","CUST-00196","2026-09-01","2026-07-22",4010.00,1229.00,24137.00,"Paid","Credit Card","2026-08-19",0.00,"2026-09-08 22:19:52.815"
"BILL-00481","POL-00122","CUST-00007","2026-08-26","2026-09-04",443.00,4056.00,0.00,"Paid","Bank Transfer","2026-09-05",0.00,"2026-09-08 22:19:52.815"
"BILL-00482","POL-00001","CUST-00152","2026-08-06","2026-05-21",729.00,3392.00,0.00,"Paid","Auto-Debit","2026-08-21",0.00,"2026-09-08 22:19:52.815"
"BILL-00483","POL-00118","CUST-00165","2026-05-17","2026-05-05",2923.00,0.00,5098.00,"Overdue","Check",,118.00,"2026-09-08 22:19:52.815"
"BILL-00484","POL-00182","CUST-00183","2026-04-27","2026-04-26",4837.00,0.00,4974.00,"Pending","Credit Card",,67.00,"2026-09-08 22:19:52.815"
"BILL-00485","POL-00229","CUST-00172","2026-08-04","2026-05-16",3069.00,4104.00,0.00,"Paid","Bank Transfer","2026-09-03",0.00,"2026-09-08 22:19:52.815"
"BILL-00486","POL-00023","CUST-00066","2026-08-07","2026-06-14",826.00,2240.00,0.00,"Paid","Auto-Debit","2026-08-26",0.00,"2026-09-08 22:19:52.815"
"BILL-00487","POL-00220","CUST-00149","2026-06-30","2026-04-22",3593.00,3947.00,0.00,"Paid","Check","2026-08-29",0.00,"2026-09-08 22:19:52.815"
"BILL-00488","POL-00077","CUST-00183","2026-06-03","2026-05-06",1602.00,0.00,8147.00,"Overdue","Credit Card",,54.00,"2026-09-08 22:19:52.815"
"BILL-00489","POL-00221","CUST-00161","2026-07-05","2026-07-24",2554.00,0.00,2823.00,"Pending","Bank Transfer",,77.00,"2026-09-08 22:19:52.815"
"BILL-00490","POL-00208","CUST-00055","2026-03-28","2026-05-01",3358.00,904.00,24396.00,"Paid","Auto-Debit","2026-09-08",0.00,"2026-09-08 22:19:52.815"
"BILL-00491","POL-00287","CUST-00001","2026-07-02","2026-06-20",2003.00,3332.00,0.00,"Paid","Check","2026-08-21",0.00,"2026-09-08 22:19:52.815"
"BILL-00492","POL-00194","CUST-00052","2026-05-17","2026-06-02",1842.00,3338.00,0.00,"Paid","Credit Card","2026-09-03",0.00,"2026-09-08 22:19:52.815"
"BILL-00493","POL-00121","CUST-00036","2026-09-07","2026-07-23",2533.00,0.00,2551.00,"Overdue","Bank Transfer",,48.00,"2026-09-08 22:19:52.815"
"BILL-00494","POL-00135","CUST-00024","2026-08-17","2026-06-01",4709.00,0.00,2179.00,"Pending","Auto-Debit",,109.00,"2026-09-08 22:19:52.815"
"BILL-00495","POL-00177","CUST-00049","2026-05-17","2026-05-28",4571.00,2608.00,0.00,"Paid","Check","2026-08-17",0.00,"2026-09-08 22:19:52.815"
"BILL-00496","POL-00085","CUST-00013","2026-06-04","2026-08-12",4362.00,3724.00,0.00,"Paid","Credit Card","2026-08-12",0.00,"2026-09-08 22:19:52.815"
"BILL-00497","POL-00058","CUST-00082","2026-03-12","2026-08-09",1248.00,1519.00,0.00,"Paid","Bank Transfer","2026-08-12",0.00,"2026-09-08 22:19:52.815"
"BILL-00498","POL-00149","CUST-00000","2026-04-21","2026-07-13",3738.00,0.00,3050.00,"Overdue","Auto-Debit",,111.00,"2026-09-08 22:19:52.815"
"BILL-00499","POL-00210","CUST-00148","2026-07-10","2026-09-02",4299.00,0.00,3163.00,"Pending","Check",,135.00,"2026-09-08 22:19:52.815"
