"CLAIM_ID","POLICY_ID","CUSTOMER_ID","CLAIM_DATE","CLAIM_TYPE","CLAIM_STATUS","CLAIM_AMOUNT","APPROVED_AMOUNT","FRAUD_FLAG","FRAUD_SCORE","ASSIGNED_ADJUSTER","RESOLUTION_DATE","DAYS_TO_RESOLVE","FRICTION_POINT","PRIORITY","CREATED_AT"
"CLM-00000","POL-00067","CUST-00111","2026-08-29","Accident","Open",57234.00,,false,0.19,"Sarah Johnson",,,"Missing documentation","High","2026-09-08 22:19:51.793"
"CLM-00001","POL-00069","CUST-00171","2026-04-05","Theft","Under Investigation",23754.00,,false,0.1,"Michael Chen",,,"Adjuster backlog","Medium","2026-09-08 22:19:51.793"
"CLM-00002","POL-00057","CUST-00166","2026-03-24","Medical","Approved",6510.00,46195.00,false,0.29,"Emily Rodriguez","2026-08-29",16,"Third-party delay","Low","2026-09-08 22:19:51.793"
"CLM-00003","POL-00019","CUST-00070","2026-02-26","Property Damage","Closed",71667.00,15217.00,false,0.39,"David Kim","2026-09-01",12,"Policy verification pending","High","2026-09-08 22:19:51.793"
"CLM-00004","POL-00165","CUST-00195","2026-02-13","Liability","Denied",46065.00,,false,0.2,"Jessica Williams","2026-08-18",31,"Medical records awaited","Medium","2026-09-08 22:19:51.793"
"CLM-00005","POL-00116","CUST-00026","2025-11-03","Natural Disaster","Escalated",33001.00,,false,0.55,"Robert Taylor",,,"Investigation required","Low","2026-09-08 22:19:51.793"
"CLM-00006","POL-00256","CUST-00076","2025-10-04","Accident","Open",39981.00,,false,0.04,"Amanda Martinez",,,"Customer unresponsive","High","2026-09-08 22:19:51.793"
"CLM-00007","POL-00203","CUST-00056","2025-11-28","Theft","Under Investigation",48739.00,,false,0.21,"Christopher Lee",,,"System processing delay","Medium","2026-09-08 22:19:51.793"
"CLM-00008","POL-00028","CUST-00193","2025-11-01","Medical","Approved",35641.00,54479.00,true,0.76,"Sarah Johnson","2026-09-06",33,"Missing documentation","Low","2026-09-08 22:19:51.793"
"CLM-00009","POL-00243","CUST-00120","2026-04-29","Property Damage","Closed",37348.00,38438.00,false,0.45,"Michael Chen","2026-08-31",26,"Adjuster backlog","High","2026-09-08 22:19:51.793"
"CLM-00010","POL-00173","CUST-00115","2025-10-11","Liability","Denied",6891.00,,false,0.03,"Emily Rodriguez","2026-09-02",40,"Third-party delay","Medium","2026-09-08 22:19:51.793"
"CLM-00011","POL-00198","CUST-00088","2025-11-14","Natural Disaster","Escalated",71266.00,,true,0.89,"David Kim",,,"Policy verification pending","Low","2026-09-08 22:19:51.793"
"CLM-00012","POL-00161","CUST-00020","2025-10-08","Accident","Open",12498.00,,false,0.32,"Jessica Williams",,,"Medical records awaited","High","2026-09-08 22:19:51.793"
"CLM-00013","POL-00141","CUST-00120","2026-08-17","Theft","Under Investigation",23261.00,,false,0.52,"Robert Taylor",,,"Investigation required","Medium","2026-09-08 22:19:51.793"
"CLM-00014","POL-00015","CUST-00091","2025-10-25","Medical","Approved",16711.00,18084.00,false,0.07,"Amanda Martinez","2026-08-31",14,"Customer unresponsive","Low","2026-09-08 22:19:51.793"
"CLM-00015","POL-00120","CUST-00007","2025-12-05","Property Damage","Closed",46258.00,17717.00,false,0.36,"Christopher Lee","2026-08-15",34,"System processing delay","High","2026-09-08 22:19:51.793"
"CLM-00016","POL-00292","CUST-00028","2026-05-16","Liability","Denied",24739.00,,false,0.32,"Sarah Johnson","2026-08-30",17,"Missing documentation","Medium","2026-09-08 22:19:51.793"
"CLM-00017","POL-00038","CUST-00081","2026-06-21","Natural Disaster","Escalated",49001.00,,false,0.36,"Michael Chen",,,"Adjuster backlog","Low","2026-09-08 22:19:51.793"
"CLM-00018","POL-00127","CUST-00053","2026-01-20","Accident","Open",44992.00,,false,0.52,"Emily Rodriguez",,,"Third-party delay","High","2026-09-08 22:19:51.793"
"CLM-00019","POL-00273","CUST-00119","2026-07-31","Theft","Under Investigation",22021.00,,false,0.55,"David Kim",,,"Policy verification pending","Medium","2026-09-08 22:19:51.793"
"CLM-00020","POL-00033","CUST-00122","2026-04-03","Medical","Approved",27991.00,45491.00,false,0.28,"Jessica Williams","2026-08-14",23,"Medical records awaited","Low","2026-09-08 22:19:51.793"
"CLM-00021","POL-00125","CUST-00138","2026-03-21","Property Damage","Closed",23883.00,525.00,false,0.49,"Robert Taylor","2026-08-26",1,"Investigation required","High","2026-09-08 22:19:51.793"
"CLM-00022","POL-00061","CUST-00137","2026-05-19","Liability","Denied",42140.00,,false,0.53,"Amanda Martinez","2026-08-11",20,"Customer unresponsive","Medium","2026-09-08 22:19:51.793"
"CLM-00023","POL-00223","CUST-00149","2026-07-23","Natural Disaster","Escalated",38658.00,,false,0.24,"Christopher Lee",,,"System processing delay","Low","2026-09-08 22:19:51.793"
"CLM-00024","POL-00177","CUST-00054","2025-10-26","Accident","Open",68604.00,,false,0.11,"Sarah Johnson",,,"Missing documentation","High","2026-09-08 22:19:51.793"
"CLM-00025","POL-00218","CUST-00030","2025-09-27","Theft","Under Investigation",63510.00,,false,0.05,"Michael Chen",,,"Adjuster backlog","Medium","2026-09-08 22:19:51.793"
"CLM-00026","POL-00221","CUST-00095","2026-07-07","Medical","Approved",3596.00,1633.00,false,0.5,"Emily Rodriguez","2026-08-16",12,"Third-party delay","Low","2026-09-08 22:19:51.793"
"CLM-00027","POL-00025","CUST-00123","2026-03-12","Property Damage","Closed",30629.00,31224.00,false,0.54,"David Kim","2026-08-13",13,"Policy verification pending","High","2026-09-08 22:19:51.793"
"CLM-00028","POL-00200","CUST-00068","2026-01-30","Liability","Denied",38445.00,,false,0.28,"Jessica Williams","2026-09-04",25,"Medical records awaited","Medium","2026-09-08 22:19:51.793"
"CLM-00029","POL-00152","CUST-00156","2025-12-14","Natural Disaster","Escalated",38997.00,,false,0.26,"Robert Taylor",,,"Investigation required","Low","2026-09-08 22:19:51.793"
"CLM-00030","POL-00171","CUST-00021","2025-12-28","Accident","Open",41987.00,,false,0.37,"Amanda Martinez",,,"Customer unresponsive","High","2026-09-08 22:19:51.793"
"CLM-00031","POL-00210","CUST-00073","2025-12-28","Theft","Under Investigation",48369.00,,false,0.37,"Christopher Lee",,,"System processing delay","Medium","2026-09-08 22:19:51.793"
"CLM-00032","POL-00281","CUST-00181","2026-08-07","Medical","Approved",31537.00,11354.00,false,0.13,"Sarah Johnson","2026-08-18",37,"Missing documentation","Low","2026-09-08 22:19:51.793"
"CLM-00033","POL-00070","CUST-00033","2026-08-06","Property Damage","Closed",22011.00,54983.00,false,0.55,"Michael Chen","2026-09-06",13,"Adjuster backlog","High","2026-09-08 22:19:51.793"
"CLM-00034","POL-00085","CUST-00143","2026-04-16","Liability","Denied",66946.00,,false,0.28,"Emily Rodriguez","2026-09-05",42,"Third-party delay","Medium","2026-09-08 22:19:51.793"
"CLM-00035","POL-00220","CUST-00196","2026-06-28","Natural Disaster","Escalated",14062.00,,false,0.08,"David Kim",,,"Policy verification pending","Low","2026-09-08 22:19:51.793"
"CLM-00036","POL-00173","CUST-00007","2026-02-09","Accident","Open",24281.00,,false,0.32,"Jessica Williams",,,"Medical records awaited","High","2026-09-08 22:19:51.793"
"CLM-00037","POL-00090","CUST-00033","2025-10-03","Theft","Under Investigation",14355.00,,true,0.97,"Robert Taylor",,,"Investigation required","Medium","2026-09-08 22:19:51.793"
"CLM-00038","POL-00118","CUST-00143","2026-07-06","Medical","Approved",43698.00,46544.00,false,0.22,"Amanda Martinez","2026-08-31",22,"Customer unresponsive","Low","2026-09-08 22:19:51.793"
"CLM-00039","POL-00218","CUST-00170","2026-08-18","Property Damage","Closed",45142.00,31029.00,false,0.26,"Christopher Lee","2026-08-10",6,"System processing delay","High","2026-09-08 22:19:51.793"
"CLM-00040","POL-00284","CUST-00139","2025-09-21","Liability","Denied",24590.00,,false,0.02,"Sarah Johnson","2026-09-04",4,"Missing documentation","Medium","2026-09-08 22:19:51.793"
"CLM-00041","POL-00189","CUST-00094","2026-01-09","Natural Disaster","Escalated",13591.00,,true,0.76,"Michael Chen",,,"Adjuster backlog","Low","2026-09-08 22:19:51.793"
"CLM-00042","POL-00089","CUST-00058","2025-09-13","Accident","Open",16527.00,,false,0.51,"Emily Rodriguez",,,"Third-party delay","High","2026-09-08 22:19:51.793"
"CLM-00043","POL-00062","CUST-00045","2026-07-24","Theft","Under Investigation",18479.00,,true,0.94,"David Kim",,,"Policy verification pending","Medium","2026-09-08 22:19:51.793"
"CLM-00044","POL-00179","CUST-00199","2026-04-08","Medical","Approved",49592.00,35354.00,true,0.85,"Jessica Williams","2026-08-11",24,"Medical records awaited","Low","2026-09-08 22:19:51.793"
"CLM-00045","POL-00293","CUST-00159","2025-11-17","Property Damage","Closed",22300.00,43213.00,false,0.51,"Robert Taylor","2026-08-10",43,"Investigation required","High","2026-09-08 22:19:51.793"
"CLM-00046","POL-00185","CUST-00066","2026-08-30","Liability","Denied",16746.00,,false,0.14,"Amanda Martinez","2026-08-21",45,"Customer unresponsive","Medium","2026-09-08 22:19:51.793"
"CLM-00047","POL-00210","CUST-00011","2026-09-05","Natural Disaster","Escalated",62347.00,,true,0.79,"Christopher Lee",,,"System processing delay","Low","2026-09-08 22:19:51.793"
"CLM-00048","POL-00277","CUST-00134","2026-07-29","Accident","Open",20585.00,,true,0.83,"Sarah Johnson",,,"Missing documentation","High","2026-09-08 22:19:51.793"
"CLM-00049","POL-00055","CUST-00067","2025-12-08","Theft","Under Investigation",26311.00,,false,0.32,"Michael Chen",,,"Adjuster backlog","Medium","2026-09-08 22:19:51.793"
"CLM-00050","POL-00175","CUST-00072","2026-04-24","Medical","Approved",23183.00,17708.00,true,0.67,"Emily Rodriguez","2026-08-23",32,"Third-party delay","Low","2026-09-08 22:19:51.793"
"CLM-00051","POL-00148","CUST-00179","2025-12-10","Property Damage","Closed",18083.00,46474.00,false,0.53,"David Kim","2026-09-02",25,"Policy verification pending","High","2026-09-08 22:19:51.793"
"CLM-00052","POL-00100","CUST-00129","2026-05-10","Liability","Denied",40869.00,,false,0.47,"Jessica Williams","2026-09-04",38,"Medical records awaited","Medium","2026-09-08 22:19:51.793"
"CLM-00053","POL-00259","CUST-00152","2026-02-08","Natural Disaster","Escalated",70333.00,,false,0.13,"Robert Taylor",,,"Investigation required","Low","2026-09-08 22:19:51.793"
"CLM-00054","POL-00228","CUST-00079","2026-03-18","Accident","Open",72874.00,,false,0.44,"Amanda Martinez",,,"Customer unresponsive","High","2026-09-08 22:19:51.793"
"CLM-00055","POL-00064","CUST-00026","2026-06-19","Theft","Under Investigation",50191.00,,false,0.15,"Christopher Lee",,,"System processing delay","Medium","2026-09-08 22:19:51.793"
"CLM-00056","POL-00207","CUST-00191","2026-06-14","Medical","Approved",48338.00,33146.00,false,0.38,"Sarah Johnson","2026-08-21",17,"Missing documentation","Low","2026-09-08 22:19:51.793"
"CLM-00057","POL-00091","CUST-00046","2026-08-04","Property Damage","Closed",60952.00,41595.00,false,0.15,"Michael Chen","2026-08-20",36,"Adjuster backlog","High","2026-09-08 22:19:51.793"
"CLM-00058","POL-00141","CUST-00044","2026-02-12","Liability","Denied",67560.00,,false,0.32,"Emily Rodriguez","2026-08-21",37,"Third-party delay","Medium","2026-09-08 22:19:51.793"
"CLM-00059","POL-00170","CUST-00124","2025-09-16","Natural Disaster","Escalated",26733.00,,false,0.09,"David Kim",,,"Policy verification pending","Low","2026-09-08 22:19:51.793"
"CLM-00060","POL-00287","CUST-00142","2026-01-23","Accident","Open",49142.00,,true,0.81,"Jessica Williams",,,"Medical records awaited","High","2026-09-08 22:19:51.793"
"CLM-00061","POL-00125","CUST-00093","2026-08-12","Theft","Under Investigation",56863.00,,false,0.22,"Robert Taylor",,,"Investigation required","Medium","2026-09-08 22:19:51.793"
"CLM-00062","POL-00027","CUST-00035","2025-09-08","Medical","Approved",17130.00,42037.00,true,0.65,"Amanda Martinez","2026-08-20",2,"Customer unresponsive","Low","2026-09-08 22:19:51.793"
"CLM-00063","POL-00031","CUST-00043","2026-09-01","Property Damage","Closed",40087.00,6657.00,false,0.19,"Christopher Lee","2026-08-31",16,"System processing delay","High","2026-09-08 22:19:51.793"
"CLM-00064","POL-00208","CUST-00101","2026-02-21","Liability","Denied",50981.00,,false,0.23,"Sarah Johnson","2026-08-30",17,"Missing documentation","Medium","2026-09-08 22:19:51.793"
"CLM-00065","POL-00077","CUST-00126","2026-08-17","Natural Disaster","Escalated",5501.00,,false,0.34,"Michael Chen",,,"Adjuster backlog","Low","2026-09-08 22:19:51.793"
"CLM-00066","POL-00106","CUST-00186","2026-02-15","Accident","Open",43263.00,,false,0.52,"Emily Rodriguez",,,"Third-party delay","High","2026-09-08 22:19:51.793"
"CLM-00067","POL-00134","CUST-00062","2026-08-21","Theft","Under Investigation",2141.00,,false,0.27,"David Kim",,,"Policy verification pending","Medium","2026-09-08 22:19:51.793"
"CLM-00068","POL-00238","CUST-00118","2026-08-30","Medical","Approved",73664.00,51765.00,false,0.54,"Jessica Williams","2026-08-09",3,"Medical records awaited","Low","2026-09-08 22:19:51.793"
"CLM-00069","POL-00177","CUST-00070","2026-09-01","Property Damage","Closed",61628.00,14974.00,false,0.49,"Robert Taylor","2026-08-11",30,"Investigation required","High","2026-09-08 22:19:51.793"
"CLM-00070","POL-00158","CUST-00096","2026-06-23","Liability","Denied",31525.00,,false,0.32,"Amanda Martinez","2026-08-19",18,"Customer unresponsive","Medium","2026-09-08 22:19:51.793"
"CLM-00071","POL-00217","CUST-00115","2026-05-30","Natural Disaster","Escalated",20145.00,,false,0.29,"Christopher Lee",,,"System processing delay","Low","2026-09-08 22:19:51.793"
"CLM-00072","POL-00099","CUST-00055","2025-11-01","Accident","Open",54438.00,,false,0.27,"Sarah Johnson",,,"Missing documentation","High","2026-09-08 22:19:51.793"
"CLM-00073","POL-00257","CUST-00074","2025-12-23","Theft","Under Investigation",41647.00,,false,0.29,"Michael Chen",,,"Adjuster backlog","Medium","2026-09-08 22:19:51.793"
"CLM-00074","POL-00264","CUST-00093","2026-05-05","Medical","Approved",10570.00,14814.00,false,0.19,"Emily Rodriguez","2026-08-31",28,"Third-party delay","Low","2026-09-08 22:19:51.793"
"CLM-00075","POL-00213","CUST-00086","2026-07-12","Property Damage","Closed",2222.00,1722.00,false,0.5,"David Kim","2026-08-24",38,"Policy verification pending","High","2026-09-08 22:19:51.793"
"CLM-00076","POL-00261","CUST-00095","2025-12-04","Liability","Denied",37198.00,,false,0.35,"Jessica Williams","2026-08-22",9,"Medical records awaited","Medium","2026-09-08 22:19:51.793"
"CLM-00077","POL-00024","CUST-00009","2026-02-01","Natural Disaster","Escalated",34199.00,,false,0.17,"Robert Taylor",,,"Investigation required","Low","2026-09-08 22:19:51.793"
"CLM-00078","POL-00227","CUST-00067","2025-09-20","Accident","Open",58308.00,,false,0.25,"Amanda Martinez",,,"Customer unresponsive","High","2026-09-08 22:19:51.793"
"CLM-00079","POL-00217","CUST-00182","2026-05-12","Theft","Under Investigation",50026.00,,false,0.3,"Christopher Lee",,,"System processing delay","Medium","2026-09-08 22:19:51.793"
"CLM-00080","POL-00289","CUST-00097","2025-12-09","Medical","Approved",33204.00,8904.00,false,0.36,"Sarah Johnson","2026-08-25",10,"Missing documentation","Low","2026-09-08 22:19:51.793"
"CLM-00081","POL-00042","CUST-00071","2026-08-17","Property Damage","Closed",62337.00,57203.00,false,0.39,"Michael Chen","2026-08-23",17,"Adjuster backlog","High","2026-09-08 22:19:51.793"
"CLM-00082","POL-00091","CUST-00161","2026-04-17","Liability","Denied",55296.00,,false,0.4,"Emily Rodriguez","2026-08-22",3,"Third-party delay","Medium","2026-09-08 22:19:51.793"
"CLM-00083","POL-00298","CUST-00017","2026-03-20","Natural Disaster","Escalated",27628.00,,false,0.25,"David Kim",,,"Policy verification pending","Low","2026-09-08 22:19:51.793"
"CLM-00084","POL-00039","CUST-00177","2026-05-30","Accident","Open",60639.00,,false,0.02,"Jessica Williams",,,"Medical records awaited","High","2026-09-08 22:19:51.793"
"CLM-00085","POL-00237","CUST-00175","2026-08-04","Theft","Under Investigation",52554.00,,false,0.39,"Robert Taylor",,,"Investigation required","Medium","2026-09-08 22:19:51.793"
"CLM-00086","POL-00142","CUST-00060","2026-03-11","Medical","Approved",69839.00,38298.00,false,0.24,"Amanda Martinez","2026-09-04",17,"Customer unresponsive","Low","2026-09-08 22:19:51.793"
"CLM-00087","POL-00235","CUST-00130","2026-05-10","Property Damage","Closed",57829.00,37494.00,false,0.31,"Christopher Lee","2026-08-15",25,"System processing delay","High","2026-09-08 22:19:51.793"
"CLM-00088","POL-00148","CUST-00071","2026-04-15","Liability","Denied",72947.00,,false,0.36,"Sarah Johnson","2026-08-15",24,"Missing documentation","Medium","2026-09-08 22:19:51.793"
"CLM-00089","POL-00265","CUST-00033","2026-04-07","Natural Disaster","Escalated",22374.00,,false,0.53,"Michael Chen",,,"Adjuster backlog","Low","2026-09-08 22:19:51.793"
"CLM-00090","POL-00073","CUST-00185","2026-05-25","Accident","Open",31392.00,,true,0.77,"Emily Rodriguez",,,"Third-party delay","High","2026-09-08 22:19:51.793"
"CLM-00091","POL-00019","CUST-00113","2025-10-14","Theft","Under Investigation",27686.00,,false,0.48,"David Kim",,,"Policy verification pending","Medium","2026-09-08 22:19:51.793"
"CLM-00092","POL-00293","CUST-00051","2026-06-04","Medical","Approved",69246.00,11618.00,false,0.43,"Jessica Williams","2026-08-19",13,"Medical records awaited","Low","2026-09-08 22:19:51.793"
"CLM-00093","POL-00020","CUST-00082","2026-06-14","Property Damage","Closed",35126.00,8391.00,false,0.18,"Robert Taylor","2026-08-13",3,"Investigation required","High","2026-09-08 22:19:51.793"
"CLM-00094","POL-00150","CUST-00001","2026-08-25","Liability","Denied",17008.00,,false,0.34,"Amanda Martinez","2026-09-01",21,"Customer unresponsive","Medium","2026-09-08 22:19:51.793"
"CLM-00095","POL-00005","CUST-00180","2026-03-29","Natural Disaster","Escalated",55567.00,,false,0.06,"Christopher Lee",,,"System processing delay","Low","2026-09-08 22:19:51.793"
"CLM-00096","POL-00244","CUST-00190","2025-09-28","Accident","Open",62888.00,,false,0.2,"Sarah Johnson",,,"Missing documentation","High","2026-09-08 22:19:51.793"
"CLM-00097","POL-00055","CUST-00016","2026-03-09","Theft","Under Investigation",10738.00,,false,0.04,"Michael Chen",,,"Adjuster backlog","Medium","2026-09-08 22:19:51.793"
"CLM-00098","POL-00018","CUST-00012","2025-11-28","Medical","Approved",58016.00,43302.00,false,0.1,"Emily Rodriguez","2026-08-16",40,"Third-party delay","Low","2026-09-08 22:19:51.793"
"CLM-00099","POL-00269","CUST-00011","2026-05-18","Property Damage","Closed",62822.00,57728.00,false,0.08,"David Kim","2026-08-21",37,"Policy verification pending","High","2026-09-08 22:19:51.793"
"CLM-00100","POL-00186","CUST-00049","2026-07-28","Liability","Denied",50041.00,,false,0.02,"Jessica Williams","2026-09-01",41,"Medical records awaited","Medium","2026-09-08 22:19:51.793"
"CLM-00101","POL-00294","CUST-00116","2025-09-27","Natural Disaster","Escalated",68336.00,,false,0.03,"Robert Taylor",,,"Investigation required","Low","2026-09-08 22:19:51.793"
"CLM-00102","POL-00254","CUST-00185","2026-01-09","Accident","Open",74901.00,,false,0.09,"Amanda Martinez",,,"Customer unresponsive","High","2026-09-08 22:19:51.793"
"CLM-00103","POL-00088","CUST-00140","2026-05-17","Theft","Under Investigation",62892.00,,true,0.78,"Christopher Lee",,,"System processing delay","Medium","2026-09-08 22:19:51.793"
"CLM-00104","POL-00270","CUST-00148","2025-09-10","Medical","Approved",35945.00,49212.00,true,0.68,"Sarah Johnson","2026-08-29",1,"Missing documentation","Low","2026-09-08 22:19:51.793"
"CLM-00105","POL-00007","CUST-00093","2025-12-27","Property Damage","Closed",17052.00,17223.00,false,0.18,"Michael Chen","2026-08-11",23,"Adjuster backlog","High","2026-09-08 22:19:51.793"
"CLM-00106","POL-00021","CUST-00133","2025-12-22","Liability","Denied",70548.00,,false,0.05,"Emily Rodriguez","2026-08-31",30,"Third-party delay","Medium","2026-09-08 22:19:51.793"
"CLM-00107","POL-00089","CUST-00083","2026-04-11","Natural Disaster","Escalated",61927.00,,false,0.47,"David Kim",,,"Policy verification pending","Low","2026-09-08 22:19:51.793"
"CLM-00108","POL-00256","CUST-00004","2025-11-27","Accident","Open",45304.00,,false,0.21,"Jessica Williams",,,"Medical records awaited","High","2026-09-08 22:19:51.793"
"CLM-00109","POL-00057","CUST-00102","2026-08-10","Theft","Under Investigation",12361.00,,false,0.37,"Robert Taylor",,,"Investigation required","Medium","2026-09-08 22:19:51.793"
"CLM-00110","POL-00076","CUST-00146","2026-04-04","Medical","Approved",67076.00,21588.00,false,0.08,"Amanda Martinez","2026-08-29",39,"Customer unresponsive","Low","2026-09-08 22:19:51.793"
"CLM-00111","POL-00060","CUST-00032","2026-02-16","Property Damage","Closed",68941.00,2612.00,false,0.47,"Christopher Lee","2026-08-15",39,"System processing delay","High","2026-09-08 22:19:51.793"
"CLM-00112","POL-00246","CUST-00071","2026-05-27","Liability","Denied",17768.00,,false,0.31,"Sarah Johnson","2026-08-13",22,"Missing documentation","Medium","2026-09-08 22:19:51.793"
"CLM-00113","POL-00194","CUST-00190","2026-06-30","Natural Disaster","Escalated",34310.00,,true,0.69,"Michael Chen",,,"Adjuster backlog","Low","2026-09-08 22:19:51.793"
"CLM-00114","POL-00158","CUST-00045","2026-06-10","Accident","Open",70436.00,,false,0.13,"Emily Rodriguez",,,"Third-party delay","High","2026-09-08 22:19:51.793"
"CLM-00115","POL-00247","CUST-00179","2026-09-03","Theft","Under Investigation",15444.00,,false,0.06,"David Kim",,,"Policy verification pending","Medium","2026-09-08 22:19:51.793"
"CLM-00116","POL-00253","CUST-00172","2025-10-22","Medical","Approved",61890.00,15540.00,false,0.22,"Jessica Williams","2026-09-05",15,"Medical records awaited","Low","2026-09-08 22:19:51.793"
"CLM-00117","POL-00186","CUST-00192","2026-07-21","Property Damage","Closed",26152.00,6939.00,false,0.13,"Robert Taylor","2026-08-15",43,"Investigation required","High","2026-09-08 22:19:51.793"
"CLM-00118","POL-00157","CUST-00055","2026-01-29","Liability","Denied",47474.00,,false,0.55,"Amanda Martinez","2026-08-15",21,"Customer unresponsive","Medium","2026-09-08 22:19:51.793"
"CLM-00119","POL-00270","CUST-00114","2026-01-28","Natural Disaster","Escalated",59068.00,,false,0.29,"Christopher Lee",,,"System processing delay","Low","2026-09-08 22:19:51.793"
"CLM-00120","POL-00209","CUST-00084","2025-10-07","Accident","Open",61190.00,,false,0.37,"Sarah Johnson",,,"Missing documentation","High","2026-09-08 22:19:51.793"
"CLM-00121","POL-00255","CUST-00168","2026-08-27","Theft","Under Investigation",5838.00,,false,0.03,"Michael Chen",,,"Adjuster backlog","Medium","2026-09-08 22:19:51.793"
"CLM-00122","POL-00226","CUST-00127","2026-04-26","Medical","Approved",33723.00,41383.00,false,0.42,"Emily Rodriguez","2026-08-17",14,"Third-party delay","Low","2026-09-08 22:19:51.793"
"CLM-00123","POL-00290","CUST-00008","2025-11-17","Property Damage","Closed",23390.00,30352.00,false,0.25,"David Kim","2026-09-07",43,"Policy verification pending","High","2026-09-08 22:19:51.793"
"CLM-00124","POL-00179","CUST-00147","2025-09-26","Liability","Denied",42468.00,,false,0.35,"Jessica Williams","2026-08-17",10,"Medical records awaited","Medium","2026-09-08 22:19:51.793"
"CLM-00125","POL-00221","CUST-00149","2025-11-12","Natural Disaster","Escalated",7170.00,,false,0.07,"Robert Taylor",,,"Investigation required","Low","2026-09-08 22:19:51.793"
"CLM-00126","POL-00224","CUST-00066","2026-04-26","Accident","Open",16012.00,,false,0.52,"Amanda Martinez",,,"Customer unresponsive","High","2026-09-08 22:19:51.793"
"CLM-00127","POL-00182","CUST-00092","2026-02-27","Theft","Under Investigation",70376.00,,false,0.39,"Christopher Lee",,,"System processing delay","Medium","2026-09-08 22:19:51.793"
"CLM-00128","POL-00169","CUST-00196","2026-03-01","Medical","Approved",26375.00,36206.00,false,0.17,"Sarah Johnson","2026-09-03",10,"Missing documentation","Low","2026-09-08 22:19:51.793"
"CLM-00129","POL-00142","CUST-00051","2026-06-07","Property Damage","Closed",15806.00,16899.00,false,0.16,"Michael Chen","2026-08-25",6,"Adjuster backlog","High","2026-09-08 22:19:51.793"
"CLM-00130","POL-00273","CUST-00158","2026-07-19","Liability","Denied",6160.00,,false,0.14,"Emily Rodriguez","2026-08-10",37,"Third-party delay","Medium","2026-09-08 22:19:51.793"
"CLM-00131","POL-00145","CUST-00048","2025-10-12","Natural Disaster","Escalated",47953.00,,false,0.39,"David Kim",,,"Policy verification pending","Low","2026-09-08 22:19:51.793"
"CLM-00132","POL-00262","CUST-00163","2025-12-18","Accident","Open",44033.00,,false,0.38,"Jessica Williams",,,"Medical records awaited","High","2026-09-08 22:19:51.793"
"CLM-00133","POL-00199","CUST-00178","2025-10-13","Theft","Under Investigation",32594.00,,false,0.37,"Robert Taylor",,,"Investigation required","Medium","2026-09-08 22:19:51.793"
"CLM-00134","POL-00022","CUST-00069","2026-01-18","Medical","Approved",6782.00,42118.00,false,0.07,"Amanda Martinez","2026-08-19",17,"Customer unresponsive","Low","2026-09-08 22:19:51.793"
"CLM-00135","POL-00037","CUST-00112","2026-04-18","Property Damage","Closed",9302.00,23868.00,false,0.24,"Christopher Lee","2026-08-15",1,"System processing delay","High","2026-09-08 22:19:51.793"
"CLM-00136","POL-00042","CUST-00182","2026-03-10","Liability","Denied",50882.00,,false,0.38,"Sarah Johnson","2026-09-06",35,"Missing documentation","Medium","2026-09-08 22:19:51.793"
"CLM-00137","POL-00193","CUST-00103","2026-01-23","Natural Disaster","Escalated",57943.00,,false,0.43,"Michael Chen",,,"Adjuster backlog","Low","2026-09-08 22:19:51.793"
"CLM-00138","POL-00172","CUST-00158","2026-07-09","Accident","Open",46204.00,,false,0.42,"Emily Rodriguez",,,"Third-party delay","High","2026-09-08 22:19:51.793"
"CLM-00139","POL-00164","CUST-00106","2026-04-26","Theft","Under Investigation",53638.00,,false,0.13,"David Kim",,,"Policy verification pending","Medium","2026-09-08 22:19:51.793"
"CLM-00140","POL-00074","CUST-00040","2025-09-22","Medical","Approved",39075.00,39092.00,false,0.2,"Jessica Williams","2026-08-10",31,"Medical records awaited","Low","2026-09-08 22:19:51.793"
"CLM-00141","POL-00210","CUST-00199","2026-08-04","Property Damage","Closed",19891.00,26319.00,true,0.77,"Robert Taylor","2026-08-19",27,"Investigation required","High","2026-09-08 22:19:51.793"
"CLM-00142","POL-00263","CUST-00094","2026-01-03","Liability","Denied",29251.00,,false,0.54,"Amanda Martinez","2026-08-13",19,"Customer unresponsive","Medium","2026-09-08 22:19:51.793"
"CLM-00143","POL-00196","CUST-00010","2026-02-01","Natural Disaster","Escalated",36970.00,,false,0.13,"Christopher Lee",,,"System processing delay","Low","2026-09-08 22:19:51.793"
"CLM-00144","POL-00255","CUST-00049","2026-06-28","Accident","Open",10488.00,,false,0.47,"Sarah Johnson",,,"Missing documentation","High","2026-09-08 22:19:51.793"
"CLM-00145","POL-00076","CUST-00159","2026-04-26","Theft","Under Investigation",5897.00,,false,0.19,"Michael Chen",,,"Adjuster backlog","Medium","2026-09-08 22:19:51.793"
"CLM-00146","POL-00060","CUST-00039","2026-04-13","Medical","Approved",70884.00,51949.00,false,0.27,"Emily Rodriguez","2026-08-23",17,"Third-party delay","Low","2026-09-08 22:19:51.793"
"CLM-00147","POL-00012","CUST-00194","2026-07-23","Property Damage","Closed",62665.00,8973.00,true,0.67,"David Kim","2026-09-07",32,"Policy verification pending","High","2026-09-08 22:19:51.793"
"CLM-00148","POL-00134","CUST-00193","2026-08-02","Liability","Denied",3624.00,,false,0.12,"Jessica Williams","2026-08-11",24,"Medical records awaited","Medium","2026-09-08 22:19:51.793"
"CLM-00149","POL-00116","CUST-00112","2025-10-14","Natural Disaster","Escalated",58615.00,,false,0.17,"Robert Taylor",,,"Investigation required","Low","2026-09-08 22:19:51.793"
"CLM-00150","POL-00062","CUST-00037","2026-05-23","Accident","Open",72043.00,,false,0.04,"Amanda Martinez",,,"Customer unresponsive","High","2026-09-08 22:19:51.793"
"CLM-00151","POL-00096","CUST-00020","2025-10-25","Theft","Under Investigation",64458.00,,false,0.21,"Christopher Lee",,,"System processing delay","Medium","2026-09-08 22:19:51.793"
"CLM-00152","POL-00090","CUST-00192","2026-06-20","Medical","Approved",8521.00,1080.00,false,0.14,"Sarah Johnson","2026-08-15",1,"Missing documentation","Low","2026-09-08 22:19:51.793"
"CLM-00153","POL-00119","CUST-00091","2026-04-03","Property Damage","Closed",64429.00,40742.00,false,0.19,"Michael Chen","2026-09-04",18,"Adjuster backlog","High","2026-09-08 22:19:51.793"
"CLM-00154","POL-00218","CUST-00133","2025-11-30","Liability","Denied",49871.00,,false,0.37,"Emily Rodriguez","2026-08-14",14,"Third-party delay","Medium","2026-09-08 22:19:51.793"
"CLM-00155","POL-00084","CUST-00146","2026-01-14","Natural Disaster","Escalated",57283.00,,false,0.44,"David Kim",,,"Policy verification pending","Low","2026-09-08 22:19:51.793"
"CLM-00156","POL-00169","CUST-00169","2025-12-19","Accident","Open",42520.00,,false,0.23,"Jessica Williams",,,"Medical records awaited","High","2026-09-08 22:19:51.793"
"CLM-00157","POL-00263","CUST-00129","2025-10-27","Theft","Under Investigation",38202.00,,false,0.32,"Robert Taylor",,,"Investigation required","Medium","2026-09-08 22:19:51.793"
"CLM-00158","POL-00017","CUST-00113","2025-11-21","Medical","Approved",23925.00,50793.00,true,0.71,"Amanda Martinez","2026-09-07",30,"Customer unresponsive","Low","2026-09-08 22:19:51.793"
"CLM-00159","POL-00036","CUST-00068","2025-12-22","Property Damage","Closed",41607.00,42474.00,false,0.1,"Christopher Lee","2026-08-10",20,"System processing delay","High","2026-09-08 22:19:51.793"
"CLM-00160","POL-00081","CUST-00017","2026-08-31","Liability","Denied",24939.00,,false,0.17,"Sarah Johnson","2026-08-20",10,"Missing documentation","Medium","2026-09-08 22:19:51.793"
"CLM-00161","POL-00202","CUST-00122","2026-01-22","Natural Disaster","Escalated",50112.00,,false,0.44,"Michael Chen",,,"Adjuster backlog","Low","2026-09-08 22:19:51.793"
"CLM-00162","POL-00272","CUST-00141","2025-10-18","Accident","Open",25259.00,,false,0.05,"Emily Rodriguez",,,"Third-party delay","High","2026-09-08 22:19:51.793"
"CLM-00163","POL-00059","CUST-00111","2026-04-10","Theft","Under Investigation",1015.00,,false,0.19,"David Kim",,,"Policy verification pending","Medium","2026-09-08 22:19:51.793"
"CLM-00164","POL-00281","CUST-00124","2025-09-17","Medical","Approved",28259.00,5511.00,false,0.21,"Jessica Williams","2026-08-31",23,"Medical records awaited","Low","2026-09-08 22:19:51.793"
"CLM-00165","POL-00178","CUST-00118","2025-09-27","Property Damage","Closed",54423.00,24043.00,false,0.33,"Robert Taylor","2026-08-28",31,"Investigation required","High","2026-09-08 22:19:51.793"
"CLM-00166","POL-00230","CUST-00036","2025-11-26","Liability","Denied",69597.00,,false,0.11,"Amanda Martinez","2026-08-13",33,"Customer unresponsive","Medium","2026-09-08 22:19:51.793"
"CLM-00167","POL-00113","CUST-00156","2026-05-22","Natural Disaster","Escalated",65160.00,,true,0.93,"Christopher Lee",,,"System processing delay","Low","2026-09-08 22:19:51.793"
"CLM-00168","POL-00202","CUST-00104","2026-02-28","Accident","Open",39559.00,,false,0.45,"Sarah Johnson",,,"Missing documentation","High","2026-09-08 22:19:51.793"
"CLM-00169","POL-00229","CUST-00096","2026-04-13","Theft","Under Investigation",72250.00,,false,0.48,"Michael Chen",,,"Adjuster backlog","Medium","2026-09-08 22:19:51.793"
"CLM-00170","POL-00211","CUST-00030","2026-05-03","Medical","Approved",51860.00,58075.00,false,0.05,"Emily Rodriguez","2026-09-03",3,"Third-party delay","Low","2026-09-08 22:19:51.793"
"CLM-00171","POL-00134","CUST-00006","2026-04-21","Property Damage","Closed",46597.00,3640.00,false,0.27,"David Kim","2026-08-27",17,"Policy verification pending","High","2026-09-08 22:19:51.793"
"CLM-00172","POL-00277","CUST-00039","2026-08-01","Liability","Denied",15884.00,,false,0.39,"Jessica Williams","2026-08-25",1,"Medical records awaited","Medium","2026-09-08 22:19:51.793"
"CLM-00173","POL-00200","CUST-00074","2026-05-23","Natural Disaster","Escalated",56265.00,,false,0.29,"Robert Taylor",,,"Investigation required","Low","2026-09-08 22:19:51.793"
"CLM-00174","POL-00146","CUST-00038","2026-04-27","Accident","Open",39614.00,,false,0.29,"Amanda Martinez",,,"Customer unresponsive","High","2026-09-08 22:19:51.793"
"CLM-00175","POL-00202","CUST-00168","2026-07-29","Theft","Under Investigation",51240.00,,false,0.04,"Christopher Lee",,,"System processing delay","Medium","2026-09-08 22:19:51.793"
"CLM-00176","POL-00175","CUST-00070","2025-11-07","Medical","Approved",61402.00,53224.00,false,0.31,"Sarah Johnson","2026-08-09",23,"Missing documentation","Low","2026-09-08 22:19:51.793"
"CLM-00177","POL-00182","CUST-00027","2025-12-27","Property Damage","Closed",4944.00,42856.00,false,0.27,"Michael Chen","2026-08-13",30,"Adjuster backlog","High","2026-09-08 22:19:51.793"
"CLM-00178","POL-00005","CUST-00041","2025-10-02","Liability","Denied",46369.00,,false,0.38,"Emily Rodriguez","2026-09-01",17,"Third-party delay","Medium","2026-09-08 22:19:51.793"
"CLM-00179","POL-00191","CUST-00056","2025-11-10","Natural Disaster","Escalated",63988.00,,false,0.41,"David Kim",,,"Policy verification pending","Low","2026-09-08 22:19:51.793"
"CLM-00180","POL-00126","CUST-00191","2026-03-27","Accident","Open",2415.00,,false,0.18,"Jessica Williams",,,"Medical records awaited","High","2026-09-08 22:19:51.793"
"CLM-00181","POL-00214","CUST-00187","2026-03-27","Theft","Under Investigation",32272.00,,false,0.47,"Robert Taylor",,,"Investigation required","Medium","2026-09-08 22:19:51.793"
"CLM-00182","POL-00096","CUST-00028","2026-03-23","Medical","Approved",31192.00,9228.00,true,0.86,"Amanda Martinez","2026-08-16",16,"Customer unresponsive","Low","2026-09-08 22:19:51.793"
"CLM-00183","POL-00218","CUST-00185","2026-04-04","Property Damage","Closed",3415.00,54653.00,false,0.06,"Christopher Lee","2026-08-30",26,"System processing delay","High","2026-09-08 22:19:51.793"
"CLM-00184","POL-00066","CUST-00179","2025-11-23","Liability","Denied",53325.00,,true,0.7,"Sarah Johnson","2026-08-15",45,"Missing documentation","Medium","2026-09-08 22:19:51.793"
"CLM-00185","POL-00193","CUST-00172","2025-09-28","Natural Disaster","Escalated",48573.00,,false,0.06,"Michael Chen",,,"Adjuster backlog","Low","2026-09-08 22:19:51.793"
"CLM-00186","POL-00134","CUST-00072","2025-11-19","Accident","Open",11119.00,,false,0.54,"Emily Rodriguez",,,"Third-party delay","High","2026-09-08 22:19:51.793"
"CLM-00187","POL-00174","CUST-00116","2025-10-23","Theft","Under Investigation",31167.00,,false,0.14,"David Kim",,,"Policy verification pending","Medium","2026-09-08 22:19:51.793"
"CLM-00188","POL-00251","CUST-00010","2026-01-11","Medical","Approved",60172.00,29493.00,false,0.13,"Jessica Williams","2026-08-09",20,"Medical records awaited","Low","2026-09-08 22:19:51.793"
"CLM-00189","POL-00135","CUST-00164","2025-12-14","Property Damage","Closed",67167.00,55660.00,false,0.34,"Robert Taylor","2026-09-01",18,"Investigation required","High","2026-09-08 22:19:51.793"
"CLM-00190","POL-00065","CUST-00133","2026-08-07","Liability","Denied",50209.00,,false,0.16,"Amanda Martinez","2026-09-05",4,"Customer unresponsive","Medium","2026-09-08 22:19:51.793"
"CLM-00191","POL-00216","CUST-00092","2026-07-30","Natural Disaster","Escalated",36121.00,,false,0.41,"Christopher Lee",,,"System processing delay","Low","2026-09-08 22:19:51.793"
"CLM-00192","POL-00022","CUST-00084","2025-09-22","Accident","Open",72549.00,,false,0.25,"Sarah Johnson",,,"Missing documentation","High","2026-09-08 22:19:51.793"
"CLM-00193","POL-00126","CUST-00138","2025-11-27","Theft","Under Investigation",17614.00,,false,0.27,"Michael Chen",,,"Adjuster backlog","Medium","2026-09-08 22:19:51.793"
"CLM-00194","POL-00109","CUST-00125","2026-03-10","Medical","Approved",27423.00,1067.00,false,0.19,"Emily Rodriguez","2026-08-12",8,"Third-party delay","Low","2026-09-08 22:19:51.793"
"CLM-00195","POL-00045","CUST-00023","2026-09-06","Property Damage","Closed",43044.00,46866.00,false,0.3,"David Kim","2026-08-10",38,"Policy verification pending","High","2026-09-08 22:19:51.793"
"CLM-00196","POL-00120","CUST-00187","2026-01-27","Liability","Denied",72704.00,,false,0.35,"Jessica Williams","2026-08-15",10,"Medical records awaited","Medium","2026-09-08 22:19:51.793"
"CLM-00197","POL-00048","CUST-00122","2026-08-26","Natural Disaster","Escalated",68106.00,,false,0.07,"Robert Taylor",,,"Investigation required","Low","2026-09-08 22:19:51.793"
"CLM-00198","POL-00249","CUST-00197","2025-10-13","Accident","Open",43747.00,,false,0.43,"Amanda Martinez",,,"Customer unresponsive","High","2026-09-08 22:19:51.793"
"CLM-00199","POL-00220","CUST-00105","2026-01-02","Theft","Under Investigation",60393.00,,false,0.04,"Christopher Lee",,,"System processing delay","Medium","2026-09-08 22:19:51.793"
"CLM-00200","POL-00147","CUST-00194","2025-11-03","Medical","Approved",17345.00,22145.00,false,0.38,"Sarah Johnson","2026-08-20",11,"Missing documentation","Low","2026-09-08 22:19:51.793"
"CLM-00201","POL-00013","CUST-00138","2026-02-27","Property Damage","Closed",52506.00,33532.00,false,0.26,"Michael Chen","2026-08-21",16,"Adjuster backlog","High","2026-09-08 22:19:51.793"
"CLM-00202","POL-00264","CUST-00025","2026-03-17","Liability","Denied",41693.00,,false,0.35,"Emily Rodriguez","2026-08-23",14,"Third-party delay","Medium","2026-09-08 22:19:51.793"
"CLM-00203","POL-00242","CUST-00161","2026-01-03","Natural Disaster","Escalated",72647.00,,false,0.21,"David Kim",,,"Policy verification pending","Low","2026-09-08 22:19:51.793"
"CLM-00204","POL-00129","CUST-00197","2026-08-20","Accident","Open",68624.00,,false,0.2,"Jessica Williams",,,"Medical records awaited","High","2026-09-08 22:19:51.793"
"CLM-00205","POL-00210","CUST-00014","2026-01-03","Theft","Under Investigation",21477.00,,false,0.38,"Robert Taylor",,,"Investigation required","Medium","2026-09-08 22:19:51.793"
"CLM-00206","POL-00277","CUST-00132","2025-11-05","Medical","Approved",23172.00,35244.00,false,0.09,"Amanda Martinez","2026-08-14",43,"Customer unresponsive","Low","2026-09-08 22:19:51.793"
"CLM-00207","POL-00095","CUST-00077","2026-07-23","Property Damage","Closed",55410.00,54805.00,false,0.18,"Christopher Lee","2026-08-17",26,"System processing delay","High","2026-09-08 22:19:51.793"
"CLM-00208","POL-00127","CUST-00174","2026-07-16","Liability","Denied",24342.00,,false,0.22,"Sarah Johnson","2026-09-06",37,"Missing documentation","Medium","2026-09-08 22:19:51.793"
"CLM-00209","POL-00006","CUST-00149","2026-01-23","Natural Disaster","Escalated",53678.00,,false,0.26,"Michael Chen",,,"Adjuster backlog","Low","2026-09-08 22:19:51.793"
"CLM-00210","POL-00209","CUST-00120","2026-01-13","Accident","Open",71736.00,,false,0.34,"Emily Rodriguez",,,"Third-party delay","High","2026-09-08 22:19:51.793"
"CLM-00211","POL-00246","CUST-00193","2025-12-25","Theft","Under Investigation",28668.00,,false,0.43,"David Kim",,,"Policy verification pending","Medium","2026-09-08 22:19:51.793"
"CLM-00212","POL-00031","CUST-00035","2026-08-09","Medical","Approved",39219.00,33521.00,true,0.74,"Jessica Williams","2026-09-02",34,"Medical records awaited","Low","2026-09-08 22:19:51.793"
"CLM-00213","POL-00277","CUST-00070","2026-03-14","Property Damage","Closed",13571.00,10309.00,false,0.13,"Robert Taylor","2026-08-18",35,"Investigation required","High","2026-09-08 22:19:51.793"
"CLM-00214","POL-00083","CUST-00152","2026-05-06","Liability","Denied",53645.00,,false,0.21,"Amanda Martinez","2026-08-23",36,"Customer unresponsive","Medium","2026-09-08 22:19:51.793"
"CLM-00215","POL-00057","CUST-00024","2025-12-23","Natural Disaster","Escalated",55069.00,,false,0.12,"Christopher Lee",,,"System processing delay","Low","2026-09-08 22:19:51.793"
"CLM-00216","POL-00126","CUST-00183","2026-06-14","Accident","Open",15918.00,,false,0.32,"Sarah Johnson",,,"Missing documentation","High","2026-09-08 22:19:51.793"
"CLM-00217","POL-00115","CUST-00179","2026-04-01","Theft","Under Investigation",50698.00,,false,0.03,"Michael Chen",,,"Adjuster backlog","Medium","2026-09-08 22:19:51.793"
"CLM-00218","POL-00135","CUST-00183","2025-11-03","Medical","Approved",49154.00,42446.00,false,0.5,"Emily Rodriguez","2026-08-16",33,"Third-party delay","Low","2026-09-08 22:19:51.793"
"CLM-00219","POL-00191","CUST-00168","2026-01-16","Property Damage","Closed",61064.00,3364.00,true,0.78,"David Kim","2026-08-24",1,"Policy verification pending","High","2026-09-08 22:19:51.793"
"CLM-00220","POL-00049","CUST-00057","2026-06-08","Liability","Denied",69329.00,,false,0.52,"Jessica Williams","2026-09-02",4,"Medical records awaited","Medium","2026-09-08 22:19:51.793"
"CLM-00221","POL-00133","CUST-00110","2025-10-16","Natural Disaster","Escalated",18674.00,,false,0.19,"Robert Taylor",,,"Investigation required","Low","2026-09-08 22:19:51.793"
"CLM-00222","POL-00137","CUST-00061","2025-11-07","Accident","Open",24952.00,,false,0.51,"Amanda Martinez",,,"Customer unresponsive","High","2026-09-08 22:19:51.793"
"CLM-00223","POL-00134","CUST-00164","2026-05-07","Theft","Under Investigation",21173.00,,false,0.08,"Christopher Lee",,,"System processing delay","Medium","2026-09-08 22:19:51.793"
"CLM-00224","POL-00279","CUST-00050","2026-08-21","Medical","Approved",62869.00,56283.00,false,0.38,"Sarah Johnson","2026-09-01",13,"Missing documentation","Low","2026-09-08 22:19:51.793"
"CLM-00225","POL-00041","CUST-00129","2025-11-08","Property Damage","Closed",23819.00,24396.00,false,0.34,"Michael Chen","2026-08-28",44,"Adjuster backlog","High","2026-09-08 22:19:51.793"
"CLM-00226","POL-00160","CUST-00060","2026-06-09","Liability","Denied",16142.00,,false,0.23,"Emily Rodriguez","2026-09-04",38,"Third-party delay","Medium","2026-09-08 22:19:51.793"
"CLM-00227","POL-00015","CUST-00168","2026-03-07","Natural Disaster","Escalated",61418.00,,false,0.45,"David Kim",,,"Policy verification pending","Low","2026-09-08 22:19:51.793"
"CLM-00228","POL-00268","CUST-00160","2025-12-18","Accident","Open",38195.00,,false,0.18,"Jessica Williams",,,"Medical records awaited","High","2026-09-08 22:19:51.793"
"CLM-00229","POL-00147","CUST-00187","2026-06-04","Theft","Under Investigation",47414.00,,false,0.02,"Robert Taylor",,,"Investigation required","Medium","2026-09-08 22:19:51.793"
"CLM-00230","POL-00118","CUST-00159","2026-06-13","Medical","Approved",17865.00,9832.00,false,0.17,"Amanda Martinez","2026-08-16",11,"Customer unresponsive","Low","2026-09-08 22:19:51.793"
"CLM-00231","POL-00177","CUST-00190","2026-08-27","Property Damage","Closed",12724.00,20406.00,false,0.45,"Christopher Lee","2026-08-12",44,"System processing delay","High","2026-09-08 22:19:51.793"
"CLM-00232","POL-00028","CUST-00065","2026-07-10","Liability","Denied",16016.00,,true,0.83,"Sarah Johnson","2026-09-01",29,"Missing documentation","Medium","2026-09-08 22:19:51.793"
"CLM-00233","POL-00014","CUST-00070","2026-06-11","Natural Disaster","Escalated",46278.00,,false,0.42,"Michael Chen",,,"Adjuster backlog","Low","2026-09-08 22:19:51.793"
"CLM-00234","POL-00080","CUST-00158","2026-04-11","Accident","Open",66519.00,,false,0.52,"Emily Rodriguez",,,"Third-party delay","High","2026-09-08 22:19:51.793"
"CLM-00235","POL-00258","CUST-00120","2026-06-21","Theft","Under Investigation",26556.00,,true,0.67,"David Kim",,,"Policy verification pending","Medium","2026-09-08 22:19:51.793"
"CLM-00236","POL-00144","CUST-00104","2026-06-03","Medical","Approved",54006.00,49929.00,false,0.36,"Jessica Williams","2026-08-12",22,"Medical records awaited","Low","2026-09-08 22:19:51.793"
"CLM-00237","POL-00163","CUST-00058","2026-07-18","Property Damage","Closed",50024.00,52388.00,false,0.25,"Robert Taylor","2026-08-15",5,"Investigation required","High","2026-09-08 22:19:51.793"
"CLM-00238","POL-00117","CUST-00032","2025-10-12","Liability","Denied",1050.00,,false,0.07,"Amanda Martinez","2026-08-12",39,"Customer unresponsive","Medium","2026-09-08 22:19:51.793"
"CLM-00239","POL-00220","CUST-00195","2025-10-20","Natural Disaster","Escalated",58197.00,,false,0.38,"Christopher Lee",,,"System processing delay","Low","2026-09-08 22:19:51.793"
"CLM-00240","POL-00169","CUST-00005","2026-06-29","Accident","Open",4924.00,,true,0.79,"Sarah Johnson",,,"Missing documentation","High","2026-09-08 22:19:51.793"
"CLM-00241","POL-00173","CUST-00142","2026-01-09","Theft","Under Investigation",30331.00,,false,0.46,"Michael Chen",,,"Adjuster backlog","Medium","2026-09-08 22:19:51.793"
"CLM-00242","POL-00015","CUST-00099","2026-06-15","Medical","Approved",15440.00,14571.00,false,0.15,"Emily Rodriguez","2026-09-02",2,"Third-party delay","Low","2026-09-08 22:19:51.793"
"CLM-00243","POL-00198","CUST-00020","2026-06-24","Property Damage","Closed",11785.00,3905.00,false,0.2,"David Kim","2026-08-27",15,"Policy verification pending","High","2026-09-08 22:19:51.793"
"CLM-00244","POL-00063","CUST-00066","2026-05-23","Liability","Denied",48439.00,,false,0.16,"Jessica Williams","2026-08-24",17,"Medical records awaited","Medium","2026-09-08 22:19:51.793"
"CLM-00245","POL-00253","CUST-00088","2026-01-25","Natural Disaster","Escalated",71425.00,,false,0.23,"Robert Taylor",,,"Investigation required","Low","2026-09-08 22:19:51.793"
"CLM-00246","POL-00058","CUST-00111","2026-07-28","Accident","Open",55369.00,,false,0.08,"Amanda Martinez",,,"Customer unresponsive","High","2026-09-08 22:19:51.793"
"CLM-00247","POL-00102","CUST-00120","2026-02-15","Theft","Under Investigation",43323.00,,false,0.31,"Christopher Lee",,,"System processing delay","Medium","2026-09-08 22:19:51.793"
"CLM-00248","POL-00289","CUST-00070","2026-02-11","Medical","Approved",25738.00,11970.00,false,0.34,"Sarah Johnson","2026-08-14",41,"Missing documentation","Low","2026-09-08 22:19:51.793"
"CLM-00249","POL-00118","CUST-00112","2026-07-23","Property Damage","Closed",68058.00,21155.00,false,0.3,"Michael Chen","2026-08-25",10,"Adjuster backlog","High","2026-09-08 22:19:51.793"
"CLM-00250","POL-00250","CUST-00149","2026-05-18","Liability","Denied",62927.00,,false,0.21,"Emily Rodriguez","2026-08-28",19,"Third-party delay","Medium","2026-09-08 22:19:51.793"
"CLM-00251","POL-00289","CUST-00162","2025-10-13","Natural Disaster","Escalated",52153.00,,false,0.38,"David Kim",,,"Policy verification pending","Low","2026-09-08 22:19:51.793"
"CLM-00252","POL-00120","CUST-00057","2026-01-04","Accident","Open",47698.00,,false,0.26,"Jessica Williams",,,"Medical records awaited","High","2026-09-08 22:19:51.793"
"CLM-00253","POL-00170","CUST-00008","2025-11-15","Theft","Under Investigation",39642.00,,false,0.2,"Robert Taylor",,,"Investigation required","Medium","2026-09-08 22:19:51.793"
"CLM-00254","POL-00032","CUST-00097","2025-11-02","Medical","Approved",55924.00,58512.00,false,0.19,"Amanda Martinez","2026-08-24",40,"Customer unresponsive","Low","2026-09-08 22:19:51.793"
"CLM-00255","POL-00162","CUST-00126","2025-09-09","Property Damage","Closed",40254.00,41555.00,false,0.41,"Christopher Lee","2026-08-22",12,"System processing delay","High","2026-09-08 22:19:51.793"
"CLM-00256","POL-00005","CUST-00077","2026-05-03","Liability","Denied",74060.00,,false,0.14,"Sarah Johnson","2026-08-31",15,"Missing documentation","Medium","2026-09-08 22:19:51.793"
"CLM-00257","POL-00189","CUST-00163","2026-07-29","Natural Disaster","Escalated",18105.00,,false,0.11,"Michael Chen",,,"Adjuster backlog","Low","2026-09-08 22:19:51.793"
"CLM-00258","POL-00082","CUST-00149","2026-02-18","Accident","Open",28096.00,,false,0.08,"Emily Rodriguez",,,"Third-party delay","High","2026-09-08 22:19:51.793"
"CLM-00259","POL-00288","CUST-00180","2026-07-22","Theft","Under Investigation",1774.00,,false,0.12,"David Kim",,,"Policy verification pending","Medium","2026-09-08 22:19:51.793"
"CLM-00260","POL-00017","CUST-00051","2026-04-11","Medical","Approved",58371.00,50709.00,false,0.3,"Jessica Williams","2026-09-04",18,"Medical records awaited","Low","2026-09-08 22:19:51.793"
"CLM-00261","POL-00184","CUST-00097","2026-03-15","Property Damage","Closed",37179.00,9973.00,false,0.15,"Robert Taylor","2026-08-12",33,"Investigation required","High","2026-09-08 22:19:51.793"
"CLM-00262","POL-00213","CUST-00156","2026-01-07","Liability","Denied",14063.00,,false,0.24,"Amanda Martinez","2026-08-15",14,"Customer unresponsive","Medium","2026-09-08 22:19:51.793"
"CLM-00263","POL-00048","CUST-00109","2026-07-27","Natural Disaster","Escalated",38619.00,,true,0.83,"Christopher Lee",,,"System processing delay","Low","2026-09-08 22:19:51.793"
"CLM-00264","POL-00193","CUST-00109","2025-10-29","Accident","Open",74594.00,,false,0.5,"Sarah Johnson",,,"Missing documentation","High","2026-09-08 22:19:51.793"
"CLM-00265","POL-00095","CUST-00091","2026-05-17","Theft","Under Investigation",5345.00,,false,0.44,"Michael Chen",,,"Adjuster backlog","Medium","2026-09-08 22:19:51.793"
"CLM-00266","POL-00002","CUST-00114","2026-04-01","Medical","Approved",6548.00,11185.00,false,0.46,"Emily Rodriguez","2026-09-02",41,"Third-party delay","Low","2026-09-08 22:19:51.793"
"CLM-00267","POL-00055","CUST-00103","2026-03-27","Property Damage","Closed",41544.00,35794.00,false,0.41,"David Kim","2026-08-22",17,"Policy verification pending","High","2026-09-08 22:19:51.793"
"CLM-00268","POL-00168","CUST-00131","2026-05-06","Liability","Denied",71932.00,,false,0.22,"Jessica Williams","2026-08-11",43,"Medical records awaited","Medium","2026-09-08 22:19:51.793"
"CLM-00269","POL-00155","CUST-00162","2025-12-13","Natural Disaster","Escalated",44843.00,,false,0.3,"Robert Taylor",,,"Investigation required","Low","2026-09-08 22:19:51.793"
"CLM-00270","POL-00191","CUST-00144","2026-07-18","Accident","Open",17787.00,,false,0.28,"Amanda Martinez",,,"Customer unresponsive","High","2026-09-08 22:19:51.793"
"CLM-00271","POL-00298","CUST-00081","2026-03-04","Theft","Under Investigation",17958.00,,false,0.38,"Christopher Lee",,,"System processing delay","Medium","2026-09-08 22:19:51.793"
"CLM-00272","POL-00199","CUST-00038","2025-09-17","Medical","Approved",19923.00,17480.00,false,0.49,"Sarah Johnson","2026-08-09",36,"Missing documentation","Low","2026-09-08 22:19:51.793"
"CLM-00273","POL-00234","CUST-00132","2025-12-26","Property Damage","Closed",37015.00,42502.00,false,0.48,"Michael Chen","2026-08-16",24,"Adjuster backlog","High","2026-09-08 22:19:51.793"
"CLM-00274","POL-00265","CUST-00165","2026-05-17","Liability","Denied",53214.00,,false,0.08,"Emily Rodriguez","2026-08-20",17,"Third-party delay","Medium","2026-09-08 22:19:51.793"
"CLM-00275","POL-00010","CUST-00080","2026-01-11","Natural Disaster","Escalated",67794.00,,false,0.53,"David Kim",,,"Policy verification pending","Low","2026-09-08 22:19:51.793"
"CLM-00276","POL-00126","CUST-00068","2026-06-24","Accident","Open",52517.00,,false,0.12,"Jessica Williams",,,"Medical records awaited","High","2026-09-08 22:19:51.793"
"CLM-00277","POL-00257","CUST-00021","2025-11-01","Theft","Under Investigation",44568.00,,false,0.03,"Robert Taylor",,,"Investigation required","Medium","2026-09-08 22:19:51.793"
"CLM-00278","POL-00095","CUST-00147","2026-03-29","Medical","Approved",3633.00,24809.00,false,0.34,"Amanda Martinez","2026-08-18",10,"Customer unresponsive","Low","2026-09-08 22:19:51.793"
"CLM-00279","POL-00251","CUST-00186","2025-10-22","Property Damage","Closed",16515.00,58103.00,false,0.54,"Christopher Lee","2026-08-16",20,"System processing delay","High","2026-09-08 22:19:51.793"
"CLM-00280","POL-00233","CUST-00046","2025-10-11","Liability","Denied",31410.00,,false,0.44,"Sarah Johnson","2026-08-17",10,"Missing documentation","Medium","2026-09-08 22:19:51.793"
"CLM-00281","POL-00034","CUST-00155","2025-09-10","Natural Disaster","Escalated",62832.00,,false,0.51,"Michael Chen",,,"Adjuster backlog","Low","2026-09-08 22:19:51.793"
"CLM-00282","POL-00156","CUST-00192","2026-08-27","Accident","Open",25245.00,,false,0.17,"Emily Rodriguez",,,"Third-party delay","High","2026-09-08 22:19:51.793"
"CLM-00283","POL-00089","CUST-00040","2026-05-03","Theft","Under Investigation",49233.00,,false,0.52,"David Kim",,,"Policy verification pending","Medium","2026-09-08 22:19:51.793"
"CLM-00284","POL-00056","CUST-00145","2026-08-03","Medical","Approved",59271.00,37342.00,false,0.33,"Jessica Williams","2026-09-06",28,"Medical records awaited","Low","2026-09-08 22:19:51.793"
"CLM-00285","POL-00244","CUST-00116","2025-12-28","Property Damage","Closed",74876.00,5706.00,false,0.16,"Robert Taylor","2026-08-25",10,"Investigation required","High","2026-09-08 22:19:51.793"
"CLM-00286","POL-00060","CUST-00139","2026-02-07","Liability","Denied",17230.00,,false,0.33,"Amanda Martinez","2026-08-29",28,"Customer unresponsive","Medium","2026-09-08 22:19:51.793"
"CLM-00287","POL-00234","CUST-00083","2025-11-18","Natural Disaster","Escalated",71674.00,,false,0.11,"Christopher Lee",,,"System processing delay","Low","2026-09-08 22:19:51.793"
"CLM-00288","POL-00057","CUST-00138","2026-03-25","Accident","Open",2948.00,,false,0.23,"Sarah Johnson",,,"Missing documentation","High","2026-09-08 22:19:51.793"
"CLM-00289","POL-00111","CUST-00040","2026-03-13","Theft","Under Investigation",49616.00,,true,0.87,"Michael Chen",,,"Adjuster backlog","Medium","2026-09-08 22:19:51.793"
"CLM-00290","POL-00251","CUST-00072","2026-03-17","Medical","Approved",71508.00,20809.00,false,0.25,"Emily Rodriguez","2026-08-20",6,"Third-party delay","Low","2026-09-08 22:19:51.793"
"CLM-00291","POL-00285","CUST-00123","2026-06-22","Property Damage","Closed",64603.00,28506.00,true,0.71,"David Kim","2026-09-07",6,"Policy verification pending","High","2026-09-08 22:19:51.793"
"CLM-00292","POL-00291","CUST-00056","2025-10-13","Liability","Denied",63305.00,,false,0.21,"Jessica Williams","2026-08-28",39,"Medical records awaited","Medium","2026-09-08 22:19:51.793"
"CLM-00293","POL-00223","CUST-00154","2026-07-10","Natural Disaster","Escalated",22331.00,,true,0.96,"Robert Taylor",,,"Investigation required","Low","2026-09-08 22:19:51.793"
"CLM-00294","POL-00261","CUST-00037","2026-05-02","Accident","Open",6194.00,,true,0.78,"Amanda Martinez",,,"Customer unresponsive","High","2026-09-08 22:19:51.793"
"CLM-00295","POL-00095","CUST-00144","2026-08-28","Theft","Under Investigation",36637.00,,false,0.2,"Christopher Lee",,,"System processing delay","Medium","2026-09-08 22:19:51.793"
"CLM-00296","POL-00156","CUST-00112","2026-04-16","Medical","Approved",6261.00,43774.00,false,0.52,"Sarah Johnson","2026-08-24",2,"Missing documentation","Low","2026-09-08 22:19:51.793"
"CLM-00297","POL-00118","CUST-00044","2026-08-15","Property Damage","Closed",22011.00,54973.00,false,0.03,"Michael Chen","2026-09-07",35,"Adjuster backlog","High","2026-09-08 22:19:51.793"
"CLM-00298","POL-00227","CUST-00184","2026-02-14","Liability","Denied",58423.00,,false,0.28,"Emily Rodriguez","2026-08-19",37,"Third-party delay","Medium","2026-09-08 22:19:51.793"
"CLM-00299","POL-00072","CUST-00112","2026-05-02","Natural Disaster","Escalated",54560.00,,true,0.76,"David Kim",,,"Policy verification pending","Low","2026-09-08 22:19:51.793"
"CLM-00300","POL-00180","CUST-00095","2025-12-30","Accident","Open",44395.00,,false,0.23,"Jessica Williams",,,"Medical records awaited","High","2026-09-08 22:19:51.793"
"CLM-00301","POL-00035","CUST-00185","2025-11-24","Theft","Under Investigation",29583.00,,false,0.53,"Robert Taylor",,,"Investigation required","Medium","2026-09-08 22:19:51.793"
"CLM-00302","POL-00036","CUST-00132","2025-12-29","Medical","Approved",1619.00,29199.00,false,0.12,"Amanda Martinez","2026-08-11",21,"Customer unresponsive","Low","2026-09-08 22:19:51.793"
"CLM-00303","POL-00037","CUST-00129","2025-11-10","Property Damage","Closed",43984.00,51095.00,true,0.96,"Christopher Lee","2026-08-30",27,"System processing delay","High","2026-09-08 22:19:51.793"
"CLM-00304","POL-00063","CUST-00037","2026-05-07","Liability","Denied",27872.00,,false,0.45,"Sarah Johnson","2026-08-29",15,"Missing documentation","Medium","2026-09-08 22:19:51.793"
"CLM-00305","POL-00107","CUST-00158","2026-03-12","Natural Disaster","Escalated",22540.00,,false,0.14,"Michael Chen",,,"Adjuster backlog","Low","2026-09-08 22:19:51.793"
"CLM-00306","POL-00037","CUST-00068","2025-10-03","Accident","Open",23984.00,,false,0.07,"Emily Rodriguez",,,"Third-party delay","High","2026-09-08 22:19:51.793"
"CLM-00307","POL-00130","CUST-00143","2026-06-02","Theft","Under Investigation",11275.00,,true,0.95,"David Kim",,,"Policy verification pending","Medium","2026-09-08 22:19:51.793"
"CLM-00308","POL-00293","CUST-00119","2025-10-23","Medical","Approved",9236.00,30280.00,false,0.18,"Jessica Williams","2026-08-19",21,"Medical records awaited","Low","2026-09-08 22:19:51.793"
"CLM-00309","POL-00119","CUST-00051","2026-02-02","Property Damage","Closed",67617.00,21617.00,false,0.09,"Robert Taylor","2026-09-06",24,"Investigation required","High","2026-09-08 22:19:51.793"
"CLM-00310","POL-00028","CUST-00092","2025-12-21","Liability","Denied",16024.00,,false,0.19,"Amanda Martinez","2026-09-06",16,"Customer unresponsive","Medium","2026-09-08 22:19:51.793"
"CLM-00311","POL-00106","CUST-00169","2026-07-17","Natural Disaster","Escalated",2594.00,,false,0.04,"Christopher Lee",,,"System processing delay","Low","2026-09-08 22:19:51.793"
"CLM-00312","POL-00107","CUST-00171","2026-06-29","Accident","Open",74342.00,,false,0.32,"Sarah Johnson",,,"Missing documentation","High","2026-09-08 22:19:51.793"
"CLM-00313","POL-00007","CUST-00137","2025-10-20","Theft","Under Investigation",15900.00,,false,0.14,"Michael Chen",,,"Adjuster backlog","Medium","2026-09-08 22:19:51.793"
"CLM-00314","POL-00061","CUST-00176","2026-01-09","Medical","Approved",25175.00,5089.00,false,0.03,"Emily Rodriguez","2026-08-10",4,"Third-party delay","Low","2026-09-08 22:19:51.793"
"CLM-00315","POL-00166","CUST-00164","2025-11-06","Property Damage","Closed",47568.00,28298.00,false,0.26,"David Kim","2026-08-21",42,"Policy verification pending","High","2026-09-08 22:19:51.793"
"CLM-00316","POL-00070","CUST-00170","2025-12-06","Liability","Denied",10495.00,,false,0.17,"Jessica Williams","2026-08-20",23,"Medical records awaited","Medium","2026-09-08 22:19:51.793"
"CLM-00317","POL-00031","CUST-00131","2026-03-02","Natural Disaster","Escalated",17324.00,,false,0.47,"Robert Taylor",,,"Investigation required","Low","2026-09-08 22:19:51.793"
"CLM-00318","POL-00059","CUST-00198","2026-09-04","Accident","Open",22740.00,,false,0.11,"Amanda Martinez",,,"Customer unresponsive","High","2026-09-08 22:19:51.793"
"CLM-00319","POL-00100","CUST-00178","2026-05-01","Theft","Under Investigation",35653.00,,true,0.79,"Christopher Lee",,,"System processing delay","Medium","2026-09-08 22:19:51.793"
"CLM-00320","POL-00267","CUST-00114","2026-04-21","Medical","Approved",68960.00,27909.00,false,0.23,"Sarah Johnson","2026-08-16",24,"Missing documentation","Low","2026-09-08 22:19:51.793"
"CLM-00321","POL-00000","CUST-00030","2026-02-06","Property Damage","Closed",4281.00,41649.00,false,0.49,"Michael Chen","2026-09-01",14,"Adjuster backlog","High","2026-09-08 22:19:51.793"
"CLM-00322","POL-00212","CUST-00198","2026-05-09","Liability","Denied",17510.00,,false,0.37,"Emily Rodriguez","2026-08-30",38,"Third-party delay","Medium","2026-09-08 22:19:51.793"
"CLM-00323","POL-00098","CUST-00161","2025-09-29","Natural Disaster","Escalated",15264.00,,false,0.54,"David Kim",,,"Policy verification pending","Low","2026-09-08 22:19:51.793"
"CLM-00324","POL-00089","CUST-00194","2026-05-27","Accident","Open",49619.00,,true,0.68,"Jessica Williams",,,"Medical records awaited","High","2026-09-08 22:19:51.793"
"CLM-00325","POL-00069","CUST-00144","2025-11-21","Theft","Under Investigation",36961.00,,false,0.49,"Robert Taylor",,,"Investigation required","Medium","2026-09-08 22:19:51.793"
"CLM-00326","POL-00148","CUST-00191","2026-05-03","Medical","Approved",22614.00,50111.00,false,0.21,"Amanda Martinez","2026-08-21",30,"Customer unresponsive","Low","2026-09-08 22:19:51.793"
"CLM-00327","POL-00235","CUST-00089","2025-12-02","Property Damage","Closed",33522.00,27657.00,true,0.98,"Christopher Lee","2026-08-27",2,"System processing delay","High","2026-09-08 22:19:51.793"
"CLM-00328","POL-00086","CUST-00004","2026-04-17","Liability","Denied",34737.00,,false,0.32,"Sarah Johnson","2026-08-16",9,"Missing documentation","Medium","2026-09-08 22:19:51.793"
"CLM-00329","POL-00293","CUST-00192","2025-10-02","Natural Disaster","Escalated",11815.00,,false,0.46,"Michael Chen",,,"Adjuster backlog","Low","2026-09-08 22:19:51.793"
"CLM-00330","POL-00015","CUST-00080","2026-05-02","Accident","Open",53783.00,,false,0.02,"Emily Rodriguez",,,"Third-party delay","High","2026-09-08 22:19:51.793"
"CLM-00331","POL-00187","CUST-00106","2025-09-29","Theft","Under Investigation",3717.00,,false,0.16,"David Kim",,,"Policy verification pending","Medium","2026-09-08 22:19:51.793"
"CLM-00332","POL-00033","CUST-00184","2025-11-01","Medical","Approved",46420.00,34888.00,false,0.44,"Jessica Williams","2026-09-04",25,"Medical records awaited","Low","2026-09-08 22:19:51.793"
"CLM-00333","POL-00200","CUST-00110","2026-08-23","Property Damage","Closed",45524.00,34938.00,false,0.17,"Robert Taylor","2026-08-15",10,"Investigation required","High","2026-09-08 22:19:51.793"
"CLM-00334","POL-00085","CUST-00095","2026-03-07","Liability","Denied",60292.00,,false,0.16,"Amanda Martinez","2026-08-15",16,"Customer unresponsive","Medium","2026-09-08 22:19:51.793"
"CLM-00335","POL-00050","CUST-00169","2025-09-25","Natural Disaster","Escalated",73763.00,,true,0.88,"Christopher Lee",,,"System processing delay","Low","2026-09-08 22:19:51.793"
"CLM-00336","POL-00096","CUST-00179","2026-06-10","Accident","Open",1005.00,,false,0.31,"Sarah Johnson",,,"Missing documentation","High","2026-09-08 22:19:51.793"
"CLM-00337","POL-00237","CUST-00111","2025-09-28","Theft","Under Investigation",23152.00,,false,0.48,"Michael Chen",,,"Adjuster backlog","Medium","2026-09-08 22:19:51.793"
"CLM-00338","POL-00204","CUST-00017","2026-03-26","Medical","Approved",29556.00,34271.00,false,0.46,"Emily Rodriguez","2026-08-20",42,"Third-party delay","Low","2026-09-08 22:19:51.793"
"CLM-00339","POL-00056","CUST-00199","2026-06-07","Property Damage","Closed",29931.00,17021.00,true,0.78,"David Kim","2026-08-24",24,"Policy verification pending","High","2026-09-08 22:19:51.793"
"CLM-00340","POL-00103","CUST-00131","2026-06-08","Liability","Denied",43883.00,,false,0.06,"Jessica Williams","2026-09-07",13,"Medical records awaited","Medium","2026-09-08 22:19:51.793"
"CLM-00341","POL-00184","CUST-00176","2026-05-31","Natural Disaster","Escalated",69437.00,,false,0.14,"Robert Taylor",,,"Investigation required","Low","2026-09-08 22:19:51.793"
"CLM-00342","POL-00028","CUST-00144","2026-03-06","Accident","Open",51465.00,,true,0.93,"Amanda Martinez",,,"Customer unresponsive","High","2026-09-08 22:19:51.793"
"CLM-00343","POL-00016","CUST-00081","2026-05-28","Theft","Under Investigation",62374.00,,false,0.5,"Christopher Lee",,,"System processing delay","Medium","2026-09-08 22:19:51.793"
"CLM-00344","POL-00189","CUST-00093","2026-06-05","Medical","Approved",30431.00,39366.00,false,0.36,"Sarah Johnson","2026-08-17",45,"Missing documentation","Low","2026-09-08 22:19:51.793"
"CLM-00345","POL-00158","CUST-00132","2025-11-09","Property Damage","Closed",3102.00,25777.00,false,0.46,"Michael Chen","2026-09-05",37,"Adjuster backlog","High","2026-09-08 22:19:51.793"
"CLM-00346","POL-00276","CUST-00097","2026-03-12","Liability","Denied",64604.00,,false,0.36,"Emily Rodriguez","2026-09-06",5,"Third-party delay","Medium","2026-09-08 22:19:51.793"
"CLM-00347","POL-00032","CUST-00036","2026-04-13","Natural Disaster","Escalated",20042.00,,false,0.46,"David Kim",,,"Policy verification pending","Low","2026-09-08 22:19:51.793"
"CLM-00348","POL-00122","CUST-00010","2025-11-30","Accident","Open",11776.00,,false,0.13,"Jessica Williams",,,"Medical records awaited","High","2026-09-08 22:19:51.793"
"CLM-00349","POL-00117","CUST-00095","2026-03-28","Theft","Under Investigation",29622.00,,false,0.51,"Robert Taylor",,,"Investigation required","Medium","2026-09-08 22:19:51.793"
"CLM-00350","POL-00201","CUST-00041","2025-10-24","Medical","Approved",70478.00,42734.00,false,0.3,"Amanda Martinez","2026-08-28",2,"Customer unresponsive","Low","2026-09-08 22:19:51.793"
"CLM-00351","POL-00000","CUST-00023","2026-05-15","Property Damage","Closed",27180.00,46604.00,true,0.71,"Christopher Lee","2026-08-24",36,"System processing delay","High","2026-09-08 22:19:51.793"
"CLM-00352","POL-00151","CUST-00117","2026-05-14","Liability","Denied",10559.00,,false,0.52,"Sarah Johnson","2026-08-26",17,"Missing documentation","Medium","2026-09-08 22:19:51.793"
"CLM-00353","POL-00265","CUST-00062","2026-06-07","Natural Disaster","Escalated",44320.00,,false,0.15,"Michael Chen",,,"Adjuster backlog","Low","2026-09-08 22:19:51.793"
"CLM-00354","POL-00262","CUST-00098","2026-04-25","Accident","Open",26232.00,,false,0.14,"Emily Rodriguez",,,"Third-party delay","High","2026-09-08 22:19:51.793"
"CLM-00355","POL-00287","CUST-00148","2026-01-14","Theft","Under Investigation",35650.00,,false,0.09,"David Kim",,,"Policy verification pending","Medium","2026-09-08 22:19:51.793"
"CLM-00356","POL-00169","CUST-00088","2026-05-12","Medical","Approved",30658.00,36248.00,false,0.51,"Jessica Williams","2026-09-02",26,"Medical records awaited","Low","2026-09-08 22:19:51.793"
"CLM-00357","POL-00093","CUST-00052","2025-09-10","Property Damage","Closed",3544.00,24240.00,false,0.41,"Robert Taylor","2026-08-20",26,"Investigation required","High","2026-09-08 22:19:51.793"
"CLM-00358","POL-00214","CUST-00119","2026-05-03","Liability","Denied",38338.00,,false,0.16,"Amanda Martinez","2026-08-20",33,"Customer unresponsive","Medium","2026-09-08 22:19:51.793"
"CLM-00359","POL-00150","CUST-00124","2025-09-18","Natural Disaster","Escalated",51556.00,,true,0.67,"Christopher Lee",,,"System processing delay","Low","2026-09-08 22:19:51.793"
"CLM-00360","POL-00292","CUST-00077","2026-05-27","Accident","Open",70645.00,,false,0.14,"Sarah Johnson",,,"Missing documentation","High","2026-09-08 22:19:51.793"
"CLM-00361","POL-00242","CUST-00129","2026-02-09","Theft","Under Investigation",39468.00,,false,0.38,"Michael Chen",,,"Adjuster backlog","Medium","2026-09-08 22:19:51.793"
"CLM-00362","POL-00072","CUST-00094","2025-09-23","Medical","Approved",32114.00,7249.00,true,0.71,"Emily Rodriguez","2026-08-28",10,"Third-party delay","Low","2026-09-08 22:19:51.793"
"CLM-00363","POL-00087","CUST-00122","2026-03-27","Property Damage","Closed",49847.00,24040.00,false,0.38,"David Kim","2026-08-23",31,"Policy verification pending","High","2026-09-08 22:19:51.793"
"CLM-00364","POL-00125","CUST-00108","2026-03-26","Liability","Denied",3312.00,,false,0.21,"Jessica Williams","2026-09-06",23,"Medical records awaited","Medium","2026-09-08 22:19:51.793"
"CLM-00365","POL-00293","CUST-00027","2026-05-22","Natural Disaster","Escalated",32731.00,,false,0.33,"Robert Taylor",,,"Investigation required","Low","2026-09-08 22:19:51.793"
"CLM-00366","POL-00051","CUST-00095","2026-06-22","Accident","Open",20028.00,,false,0.05,"Amanda Martinez",,,"Customer unresponsive","High","2026-09-08 22:19:51.793"
"CLM-00367","POL-00246","CUST-00001","2026-07-01","Theft","Under Investigation",27243.00,,false,0.18,"Christopher Lee",,,"System processing delay","Medium","2026-09-08 22:19:51.793"
"CLM-00368","POL-00138","CUST-00030","2026-01-29","Medical","Approved",61608.00,47488.00,false,0.03,"Sarah Johnson","2026-09-06",32,"Missing documentation","Low","2026-09-08 22:19:51.793"
"CLM-00369","POL-00262","CUST-00132","2026-02-05","Property Damage","Closed",32201.00,4552.00,false,0.5,"Michael Chen","2026-08-17",13,"Adjuster backlog","High","2026-09-08 22:19:51.793"
"CLM-00370","POL-00257","CUST-00058","2026-02-04","Liability","Denied",1130.00,,false,0.48,"Emily Rodriguez","2026-08-17",13,"Third-party delay","Medium","2026-09-08 22:19:51.793"
"CLM-00371","POL-00274","CUST-00115","2026-04-09","Natural Disaster","Escalated",45987.00,,false,0.32,"David Kim",,,"Policy verification pending","Low","2026-09-08 22:19:51.793"
"CLM-00372","POL-00282","CUST-00086","2025-09-23","Accident","Open",14463.00,,true,0.76,"Jessica Williams",,,"Medical records awaited","High","2026-09-08 22:19:51.793"
"CLM-00373","POL-00197","CUST-00110","2026-07-27","Theft","Under Investigation",17945.00,,false,0.38,"Robert Taylor",,,"Investigation required","Medium","2026-09-08 22:19:51.793"
"CLM-00374","POL-00095","CUST-00193","2026-03-02","Medical","Approved",17153.00,46739.00,false,0.34,"Amanda Martinez","2026-08-12",38,"Customer unresponsive","Low","2026-09-08 22:19:51.793"
"CLM-00375","POL-00116","CUST-00172","2025-10-07","Property Damage","Closed",36707.00,1779.00,true,0.71,"Christopher Lee","2026-08-21",38,"System processing delay","High","2026-09-08 22:19:51.793"
"CLM-00376","POL-00229","CUST-00170","2026-07-15","Liability","Denied",52009.00,,false,0.44,"Sarah Johnson","2026-08-12",30,"Missing documentation","Medium","2026-09-08 22:19:51.793"
"CLM-00377","POL-00036","CUST-00065","2026-03-27","Natural Disaster","Escalated",70322.00,,false,0.47,"Michael Chen",,,"Adjuster backlog","Low","2026-09-08 22:19:51.793"
"CLM-00378","POL-00145","CUST-00014","2025-12-20","Accident","Open",30954.00,,false,0.42,"Emily Rodriguez",,,"Third-party delay","High","2026-09-08 22:19:51.793"
"CLM-00379","POL-00256","CUST-00003","2026-06-07","Theft","Under Investigation",54765.00,,false,0.3,"David Kim",,,"Policy verification pending","Medium","2026-09-08 22:19:51.793"
"CLM-00380","POL-00142","CUST-00004","2026-03-28","Medical","Approved",33791.00,15163.00,false,0.06,"Jessica Williams","2026-08-23",21,"Medical records awaited","Low","2026-09-08 22:19:51.793"
"CLM-00381","POL-00061","CUST-00054","2026-07-12","Property Damage","Closed",10841.00,49027.00,false,0.28,"Robert Taylor","2026-08-15",5,"Investigation required","High","2026-09-08 22:19:51.793"
"CLM-00382","POL-00233","CUST-00080","2026-05-16","Liability","Denied",67826.00,,false,0.17,"Amanda Martinez","2026-08-27",4,"Customer unresponsive","Medium","2026-09-08 22:19:51.793"
"CLM-00383","POL-00203","CUST-00109","2026-01-22","Natural Disaster","Escalated",40296.00,,false,0.06,"Christopher Lee",,,"System processing delay","Low","2026-09-08 22:19:51.793"
"CLM-00384","POL-00202","CUST-00029","2026-01-06","Accident","Open",64263.00,,false,0.18,"Sarah Johnson",,,"Missing documentation","High","2026-09-08 22:19:51.793"
"CLM-00385","POL-00212","CUST-00043","2026-06-09","Theft","Under Investigation",65287.00,,false,0.54,"Michael Chen",,,"Adjuster backlog","Medium","2026-09-08 22:19:51.793"
"CLM-00386","POL-00232","CUST-00089","2025-11-26","Medical","Approved",30290.00,32568.00,false,0.42,"Emily Rodriguez","2026-09-05",37,"Third-party delay","Low","2026-09-08 22:19:51.793"
"CLM-00387","POL-00022","CUST-00091","2026-06-02","Property Damage","Closed",12534.00,3826.00,false,0.06,"David Kim","2026-08-10",27,"Policy verification pending","High","2026-09-08 22:19:51.793"
"CLM-00388","POL-00038","CUST-00198","2025-09-21","Liability","Denied",73402.00,,false,0.32,"Jessica Williams","2026-08-14",45,"Medical records awaited","Medium","2026-09-08 22:19:51.793"
"CLM-00389","POL-00191","CUST-00046","2026-02-21","Natural Disaster","Escalated",22521.00,,false,0.22,"Robert Taylor",,,"Investigation required","Low","2026-09-08 22:19:51.793"
"CLM-00390","POL-00171","CUST-00034","2025-11-27","Accident","Open",66445.00,,false,0.23,"Amanda Martinez",,,"Customer unresponsive","High","2026-09-08 22:19:51.793"
"CLM-00391","POL-00032","CUST-00049","2026-04-11","Theft","Under Investigation",32575.00,,true,0.86,"Christopher Lee",,,"System processing delay","Medium","2026-09-08 22:19:51.793"
"CLM-00392","POL-00199","CUST-00078","2026-04-12","Medical","Approved",25789.00,52863.00,false,0.12,"Sarah Johnson","2026-09-02",28,"Missing documentation","Low","2026-09-08 22:19:51.793"
"CLM-00393","POL-00198","CUST-00158","2025-11-13","Property Damage","Closed",50427.00,16941.00,false,0.49,"Michael Chen","2026-08-18",13,"Adjuster backlog","High","2026-09-08 22:19:51.793"
"CLM-00394","POL-00043","CUST-00000","2026-04-20","Liability","Denied",21155.00,,false,0.53,"Emily Rodriguez","2026-08-13",3,"Third-party delay","Medium","2026-09-08 22:19:51.793"
"CLM-00395","POL-00121","CUST-00130","2026-03-12","Natural Disaster","Escalated",5720.00,,false,0.53,"David Kim",,,"Policy verification pending","Low","2026-09-08 22:19:51.793"
"CLM-00396","POL-00159","CUST-00167","2026-06-18","Accident","Open",29780.00,,false,0.02,"Jessica Williams",,,"Medical records awaited","High","2026-09-08 22:19:51.793"
"CLM-00397","POL-00140","CUST-00151","2026-02-17","Theft","Under Investigation",56363.00,,false,0.21,"Robert Taylor",,,"Investigation required","Medium","2026-09-08 22:19:51.793"
"CLM-00398","POL-00222","CUST-00023","2026-09-05","Medical","Approved",74455.00,42483.00,false,0.26,"Amanda Martinez","2026-08-11",30,"Customer unresponsive","Low","2026-09-08 22:19:51.793"
"CLM-00399","POL-00285","CUST-00143","2026-01-19","Property Damage","Closed",31705.00,41537.00,false,0.18,"Christopher Lee","2026-08-15",29,"System processing delay","High","2026-09-08 22:19:51.793"
