"POLICY_ID","CUSTOMER_ID","AGENT_ID","POLICY_TYPE","POLICY_STATUS","START_DATE","END_DATE","PREMIUM_AMOUNT","COVERAGE_AMOUNT","DEDUCTIBLE","LOSS_RATIO","PLAN_TIER","PAYMENT_FREQUENCY","AUTO_RENEW","CREATED_AT"
"POL-00000","CUST-00048","AGT-0003","Health","Active","2025-04-23","2027-08-28",5573.00,294821.00,3240.00,3,"Bronze","Monthly",false,"2026-09-08 22:19:50.738"
"POL-00001","CUST-00055","AGT-0012","Auto","Active","2024-12-24","2026-12-31",3045.00,866612.00,3746.00,0,"Silver","Quarterly",true,"2026-09-08 22:19:50.738"
"POL-00002","CUST-00091","AGT-0004","Life","Active","2025-03-08","2027-08-24",6231.00,101628.00,2245.00,1.8,"Gold","Annual",true,"2026-09-08 22:19:50.738"
"POL-00003","CUST-00103","AGT-0003","Home","Expired","2026-06-20","2027-09-06",1183.00,352444.00,1067.00,0,"Platinum","Monthly",true,"2026-09-08 22:19:50.738"
"POL-00004","CUST-00075","AGT-0001","Health","Cancelled","2026-03-05","2027-02-13",10848.00,346445.00,1060.00,0,"Bronze","Quarterly",false,"2026-09-08 22:19:50.738"
"POL-00005","CUST-00044","AGT-0013","Auto","Active","2025-03-10","2027-03-28",10540.00,126070.00,860.00,0,"Silver","Annual",false,"2026-09-08 22:19:50.738"
"POL-00006","CUST-00149","AGT-0011","Life","Active","2024-11-19","2027-07-26",4939.00,102870.00,3943.00,0,"Gold","Monthly",false,"2026-09-08 22:19:50.738"
"POL-00007","CUST-00048","AGT-0009","Home","Active","2024-09-25","2027-01-04",2011.00,814307.00,3242.00,3,"Platinum","Quarterly",true,"2026-09-08 22:19:50.738"
"POL-00008","CUST-00051","AGT-0003","Health","Expired","2026-03-07","2027-04-15",1569.00,884600.00,811.00,0,"Bronze","Annual",true,"2026-09-08 22:19:50.738"
"POL-00009","CUST-00186","AGT-0003","Auto","Cancelled","2024-09-14","2027-03-22",5796.00,906327.00,2538.00,0,"Silver","Monthly",false,"2026-09-08 22:19:50.738"
"POL-00010","CUST-00165","AGT-0008","Life","Active","2025-01-05","2027-06-21",11559.00,108775.00,4742.00,0,"Gold","Quarterly",true,"2026-09-08 22:19:50.738"
"POL-00011","CUST-00058","AGT-0009","Home","Active","2025-02-03","2027-05-07",3402.00,815410.00,3896.00,0,"Platinum","Annual",true,"2026-09-08 22:19:50.738"
"POL-00012","CUST-00049","AGT-0016","Health","Active","2026-01-18","2027-04-12",6560.00,767716.00,419.00,1.37,"Bronze","Monthly",false,"2026-09-08 22:19:50.738"
"POL-00013","CUST-00196","AGT-0015","Auto","Expired","2026-05-08","2027-01-05",2247.00,851926.00,4920.00,3,"Silver","Quarterly",true,"2026-09-08 22:19:50.738"
"POL-00014","CUST-00008","AGT-0012","Life","Cancelled","2025-01-17","2027-01-06",10183.00,808549.00,3774.00,0,"Gold","Annual",false,"2026-09-08 22:19:50.738"
"POL-00015","CUST-00045","AGT-0002","Home","Active","2025-11-03","2027-01-03",4738.00,501479.00,2485.00,3,"Platinum","Monthly",true,"2026-09-08 22:19:50.738"
"POL-00016","CUST-00145","AGT-0005","Health","Active","2025-12-12","2026-10-10",1040.00,936983.00,4141.00,0,"Bronze","Quarterly",false,"2026-09-08 22:19:50.738"
"POL-00017","CUST-00101","AGT-0019","Auto","Active","2025-06-07","2027-03-27",10501.00,187666.00,3657.00,3,"Silver","Annual",true,"2026-09-08 22:19:50.738"
"POL-00018","CUST-00083","AGT-0004","Life","Expired","2026-02-25","2027-09-04",5076.00,431921.00,4020.00,3,"Gold","Monthly",true,"2026-09-08 22:19:50.738"
"POL-00019","CUST-00131","AGT-0019","Home","Cancelled","2025-05-24","2027-05-02",13660.00,795094.00,4631.00,1.11,"Platinum","Quarterly",true,"2026-09-08 22:19:50.738"
"POL-00020","CUST-00142","AGT-0008","Health","Active","2024-10-08","2027-03-18",13398.00,147429.00,518.00,0.63,"Bronze","Annual",true,"2026-09-08 22:19:50.738"
"POL-00021","CUST-00131","AGT-0016","Auto","Active","2026-04-22","2026-11-23",2677.00,59223.00,3719.00,0,"Silver","Monthly",false,"2026-09-08 22:19:50.738"
"POL-00022","CUST-00124","AGT-0005","Life","Active","2025-02-17","2027-02-14",2174.00,91005.00,678.00,3,"Gold","Quarterly",false,"2026-09-08 22:19:50.738"
"POL-00023","CUST-00191","AGT-0013","Home","Expired","2026-02-16","2026-10-30",14457.00,922520.00,1337.00,0,"Platinum","Annual",false,"2026-09-08 22:19:50.738"
"POL-00024","CUST-00117","AGT-0007","Health","Cancelled","2024-11-19","2026-12-07",6794.00,122667.00,2500.00,0,"Bronze","Monthly",false,"2026-09-08 22:19:50.738"
"POL-00025","CUST-00009","AGT-0001","Auto","Active","2024-09-23","2027-09-02",13466.00,747536.00,1347.00,2.32,"Silver","Quarterly",true,"2026-09-08 22:19:50.738"
"POL-00026","CUST-00048","AGT-0008","Life","Active","2026-05-26","2026-12-20",12013.00,400413.00,1552.00,0,"Gold","Annual",false,"2026-09-08 22:19:50.738"
"POL-00027","CUST-00162","AGT-0017","Home","Active","2026-04-18","2027-07-20",10348.00,225350.00,1055.00,3,"Platinum","Monthly",false,"2026-09-08 22:19:50.738"
"POL-00028","CUST-00091","AGT-0019","Health","Expired","2025-06-22","2027-03-20",14964.00,519876.00,1247.00,3,"Bronze","Quarterly",true,"2026-09-08 22:19:50.738"
"POL-00029","CUST-00106","AGT-0018","Auto","Cancelled","2025-06-24","2027-01-31",6155.00,656656.00,4587.00,0,"Silver","Annual",false,"2026-09-08 22:19:50.738"
"POL-00030","CUST-00159","AGT-0009","Life","Active","2024-12-21","2026-11-30",11472.00,65887.00,3005.00,0,"Gold","Monthly",true,"2026-09-08 22:19:50.738"
"POL-00031","CUST-00142","AGT-0006","Home","Active","2025-10-26","2027-09-03",2365.00,119343.00,2401.00,3,"Platinum","Quarterly",true,"2026-09-08 22:19:50.738"
"POL-00032","CUST-00151","AGT-0000","Health","Active","2026-06-06","2027-01-16",12505.00,505297.00,2486.00,3,"Bronze","Annual",true,"2026-09-08 22:19:50.738"
"POL-00033","CUST-00026","AGT-0012","Auto","Expired","2025-11-19","2027-08-14",11275.00,969807.00,3560.00,3,"Silver","Monthly",false,"2026-09-08 22:19:50.738"
"POL-00034","CUST-00094","AGT-0003","Life","Cancelled","2025-01-25","2027-02-22",4201.00,922060.00,1128.00,0,"Gold","Quarterly",false,"2026-09-08 22:19:50.738"
"POL-00035","CUST-00018","AGT-0019","Home","Active","2025-03-16","2026-11-01",13041.00,133277.00,3594.00,0,"Platinum","Annual",true,"2026-09-08 22:19:50.738"
"POL-00036","CUST-00161","AGT-0016","Health","Active","2025-05-24","2026-12-29",5763.00,807341.00,4923.00,3,"Bronze","Monthly",true,"2026-09-08 22:19:50.738"
"POL-00037","CUST-00136","AGT-0008","Auto","Active","2025-02-16","2027-03-29",12120.00,380739.00,2069.00,3,"Silver","Quarterly",false,"2026-09-08 22:19:50.738"
"POL-00038","CUST-00087","AGT-0012","Life","Expired","2026-04-22","2027-05-20",11344.00,580855.00,3775.00,0,"Gold","Annual",true,"2026-09-08 22:19:50.738"
"POL-00039","CUST-00097","AGT-0003","Home","Cancelled","2024-12-26","2027-01-11",6237.00,710438.00,2900.00,0,"Platinum","Monthly",false,"2026-09-08 22:19:50.738"
"POL-00040","CUST-00090","AGT-0017","Health","Active","2024-11-28","2027-02-02",10099.00,661309.00,3116.00,0,"Bronze","Quarterly",false,"2026-09-08 22:19:50.738"
"POL-00041","CUST-00034","AGT-0012","Auto","Active","2026-02-28","2026-10-30",853.00,285802.00,2318.00,3,"Silver","Annual",true,"2026-09-08 22:19:50.738"
"POL-00042","CUST-00091","AGT-0009","Life","Active","2025-05-06","2027-03-28",7139.00,197452.00,620.00,3,"Gold","Monthly",true,"2026-09-08 22:19:50.738"
"POL-00043","CUST-00005","AGT-0002","Home","Expired","2025-01-23","2027-05-06",3716.00,368091.00,4837.00,0,"Platinum","Quarterly",true,"2026-09-08 22:19:50.738"
"POL-00044","CUST-00134","AGT-0006","Health","Cancelled","2025-04-25","2027-05-18",12787.00,998349.00,1114.00,0,"Bronze","Annual",true,"2026-09-08 22:19:50.738"
"POL-00045","CUST-00160","AGT-0008","Auto","Active","2025-03-07","2027-09-07",9069.00,170111.00,2024.00,3,"Silver","Monthly",true,"2026-09-08 22:19:50.738"
"POL-00046","CUST-00083","AGT-0019","Life","Active","2025-06-16","2027-04-29",3152.00,706234.00,4703.00,0,"Gold","Quarterly",true,"2026-09-08 22:19:50.738"
"POL-00047","CUST-00113","AGT-0009","Home","Active","2025-11-21","2026-12-15",11548.00,971683.00,372.00,0,"Platinum","Annual",false,"2026-09-08 22:19:50.738"
"POL-00048","CUST-00025","AGT-0013","Health","Expired","2026-02-21","2027-05-12",13829.00,597262.00,4548.00,0,"Bronze","Monthly",true,"2026-09-08 22:19:50.738"
"POL-00049","CUST-00016","AGT-0006","Auto","Cancelled","2026-04-10","2026-12-24",7232.00,543056.00,1331.00,0,"Silver","Quarterly",true,"2026-09-08 22:19:50.738"
"POL-00050","CUST-00045","AGT-0007","Life","Active","2025-10-22","2027-02-25",2773.00,605907.00,3229.00,0,"Gold","Annual",true,"2026-09-08 22:19:50.738"
"POL-00051","CUST-00185","AGT-0009","Home","Active","2026-03-19","2027-08-15",1129.00,83573.00,3142.00,0,"Platinum","Monthly",false,"2026-09-08 22:19:50.738"
"POL-00052","CUST-00069","AGT-0002","Health","Active","2025-09-15","2027-08-05",8298.00,94516.00,4970.00,0,"Bronze","Quarterly",true,"2026-09-08 22:19:50.738"
"POL-00053","CUST-00163","AGT-0002","Auto","Expired","2024-12-25","2026-12-27",2667.00,407073.00,1109.00,0,"Silver","Annual",false,"2026-09-08 22:19:50.738"
"POL-00054","CUST-00193","AGT-0001","Life","Cancelled","2025-06-19","2026-12-01",13498.00,690771.00,4399.00,0,"Gold","Monthly",false,"2026-09-08 22:19:50.738"
"POL-00055","CUST-00197","AGT-0010","Home","Active","2025-09-15","2027-08-30",11521.00,913797.00,1413.00,3,"Platinum","Quarterly",true,"2026-09-08 22:19:50.738"
"POL-00056","CUST-00129","AGT-0012","Health","Active","2025-05-15","2027-07-10",729.00,397041.00,925.00,3,"Bronze","Annual",true,"2026-09-08 22:19:50.738"
"POL-00057","CUST-00193","AGT-0016","Auto","Active","2026-05-07","2026-10-15",1939.00,876120.00,2169.00,3,"Silver","Monthly",false,"2026-09-08 22:19:50.738"
"POL-00058","CUST-00143","AGT-0016","Life","Expired","2025-08-29","2026-12-11",8395.00,798341.00,1995.00,0,"Gold","Quarterly",false,"2026-09-08 22:19:50.738"
"POL-00059","CUST-00158","AGT-0003","Home","Cancelled","2025-01-29","2027-02-22",8119.00,106274.00,3494.00,0,"Platinum","Annual",true,"2026-09-08 22:19:50.738"
"POL-00060","CUST-00078","AGT-0004","Health","Active","2024-11-03","2026-12-06",14638.00,582176.00,318.00,3,"Bronze","Monthly",false,"2026-09-08 22:19:50.738"
"POL-00061","CUST-00086","AGT-0006","Auto","Active","2025-03-14","2027-05-01",4729.00,341990.00,2105.00,3,"Silver","Quarterly",false,"2026-09-08 22:19:50.738"
"POL-00062","CUST-00128","AGT-0007","Life","Active","2025-10-21","2026-11-03",12672.00,719598.00,4288.00,0,"Gold","Annual",true,"2026-09-08 22:19:50.738"
"POL-00063","CUST-00032","AGT-0008","Home","Expired","2026-03-06","2027-03-19",3796.00,881026.00,3318.00,0,"Platinum","Monthly",true,"2026-09-08 22:19:50.738"
"POL-00064","CUST-00060","AGT-0011","Health","Cancelled","2026-05-31","2027-07-21",919.00,159604.00,2433.00,0,"Bronze","Quarterly",true,"2026-09-08 22:19:50.738"
"POL-00065","CUST-00172","AGT-0001","Auto","Active","2026-02-19","2027-06-13",2583.00,447654.00,845.00,0,"Silver","Annual",false,"2026-09-08 22:19:50.738"
"POL-00066","CUST-00111","AGT-0018","Life","Active","2024-10-26","2027-05-11",5332.00,400695.00,873.00,0,"Gold","Monthly",false,"2026-09-08 22:19:50.738"
"POL-00067","CUST-00039","AGT-0003","Home","Active","2025-01-17","2027-05-17",1752.00,253371.00,4127.00,0,"Platinum","Quarterly",false,"2026-09-08 22:19:50.738"
"POL-00068","CUST-00139","AGT-0000","Health","Expired","2024-10-18","2026-12-26",3597.00,657177.00,4864.00,0,"Bronze","Annual",true,"2026-09-08 22:19:50.738"
"POL-00069","CUST-00196","AGT-0003","Auto","Cancelled","2026-04-27","2027-07-19",8528.00,94495.00,1987.00,0,"Silver","Monthly",false,"2026-09-08 22:19:50.738"
"POL-00070","CUST-00134","AGT-0001","Life","Active","2026-06-14","2026-10-20",2613.00,178757.00,3963.00,3,"Gold","Quarterly",false,"2026-09-08 22:19:50.738"
"POL-00071","CUST-00149","AGT-0019","Home","Active","2025-06-13","2027-01-14",953.00,272882.00,2941.00,0,"Platinum","Annual",true,"2026-09-08 22:19:50.738"
"POL-00072","CUST-00162","AGT-0017","Health","Active","2024-09-29","2026-12-15",14298.00,717422.00,1425.00,0.51,"Bronze","Monthly",false,"2026-09-08 22:19:50.738"
"POL-00073","CUST-00122","AGT-0015","Auto","Expired","2026-01-27","2027-05-24",3080.00,131893.00,2633.00,0,"Silver","Quarterly",true,"2026-09-08 22:19:50.738"
"POL-00074","CUST-00126","AGT-0018","Life","Cancelled","2026-05-19","2027-06-01",10958.00,116318.00,2001.00,3,"Gold","Annual",false,"2026-09-08 22:19:50.738"
"POL-00075","CUST-00066","AGT-0000","Home","Active","2025-01-28","2027-06-15",10556.00,573569.00,4762.00,0,"Platinum","Monthly",false,"2026-09-08 22:19:50.738"
"POL-00076","CUST-00024","AGT-0019","Health","Active","2025-11-16","2027-02-05",13364.00,845005.00,4754.00,1.62,"Bronze","Quarterly",false,"2026-09-08 22:19:50.738"
"POL-00077","CUST-00079","AGT-0018","Auto","Active","2026-01-05","2027-01-08",14644.00,575611.00,4966.00,0,"Silver","Annual",false,"2026-09-08 22:19:50.738"
"POL-00078","CUST-00076","AGT-0018","Life","Expired","2024-10-07","2027-06-15",8009.00,396751.00,4419.00,0,"Gold","Monthly",true,"2026-09-08 22:19:50.738"
"POL-00079","CUST-00011","AGT-0007","Home","Cancelled","2026-03-13","2027-09-03",9216.00,742720.00,362.00,0,"Platinum","Quarterly",true,"2026-09-08 22:19:50.738"
"POL-00080","CUST-00066","AGT-0004","Health","Active","2025-09-15","2027-08-02",3129.00,297638.00,3348.00,0,"Bronze","Annual",true,"2026-09-08 22:19:50.738"
"POL-00081","CUST-00142","AGT-0009","Auto","Active","2025-04-04","2027-08-17",1943.00,197945.00,2066.00,0,"Silver","Monthly",false,"2026-09-08 22:19:50.738"
"POL-00082","CUST-00012","AGT-0012","Life","Active","2025-01-06","2027-01-23",10826.00,287410.00,3706.00,0,"Gold","Quarterly",false,"2026-09-08 22:19:50.738"
"POL-00083","CUST-00104","AGT-0015","Home","Expired","2026-07-30","2027-03-12",11469.00,236600.00,2191.00,0,"Platinum","Annual",true,"2026-09-08 22:19:50.738"
"POL-00084","CUST-00179","AGT-0007","Health","Cancelled","2026-07-16","2027-04-08",2011.00,452840.00,4781.00,0,"Bronze","Monthly",false,"2026-09-08 22:19:50.738"
"POL-00085","CUST-00040","AGT-0009","Auto","Active","2025-12-23","2027-02-20",737.00,180628.00,2295.00,0,"Silver","Quarterly",false,"2026-09-08 22:19:50.738"
"POL-00086","CUST-00198","AGT-0002","Life","Active","2026-02-25","2027-06-16",10526.00,302487.00,2304.00,0,"Gold","Annual",false,"2026-09-08 22:19:50.738"
"POL-00087","CUST-00150","AGT-0007","Home","Active","2026-02-12","2027-04-03",10784.00,79847.00,1233.00,2.23,"Platinum","Monthly",false,"2026-09-08 22:19:50.738"
"POL-00088","CUST-00031","AGT-0015","Health","Expired","2025-05-13","2026-12-19",910.00,81011.00,3164.00,0,"Bronze","Quarterly",true,"2026-09-08 22:19:50.738"
"POL-00089","CUST-00084","AGT-0008","Auto","Cancelled","2025-04-18","2026-10-16",9197.00,278131.00,1563.00,0,"Silver","Annual",true,"2026-09-08 22:19:50.738"
"POL-00090","CUST-00132","AGT-0009","Life","Active","2025-07-11","2026-12-06",13984.00,882939.00,2818.00,0.08,"Gold","Monthly",false,"2026-09-08 22:19:50.738"
"POL-00091","CUST-00128","AGT-0005","Home","Active","2024-12-21","2027-03-10",5069.00,365884.00,292.00,3,"Platinum","Quarterly",false,"2026-09-08 22:19:50.738"
"POL-00092","CUST-00079","AGT-0011","Health","Active","2025-04-08","2027-04-24",1948.00,828872.00,3070.00,0,"Bronze","Annual",true,"2026-09-08 22:19:50.738"
"POL-00093","CUST-00125","AGT-0019","Auto","Expired","2026-02-25","2027-08-25",3352.00,479877.00,357.00,3,"Silver","Monthly",false,"2026-09-08 22:19:50.738"
"POL-00094","CUST-00154","AGT-0004","Life","Cancelled","2025-04-02","2027-05-30",5565.00,611969.00,4705.00,0,"Gold","Quarterly",false,"2026-09-08 22:19:50.738"
"POL-00095","CUST-00129","AGT-0000","Home","Active","2025-07-05","2027-08-21",9324.00,367020.00,3132.00,3,"Platinum","Annual",true,"2026-09-08 22:19:50.738"
"POL-00096","CUST-00047","AGT-0016","Health","Active","2025-06-02","2027-01-30",791.00,217085.00,3508.00,3,"Bronze","Monthly",true,"2026-09-08 22:19:50.738"
"POL-00097","CUST-00129","AGT-0011","Auto","Active","2026-03-22","2027-09-01",14857.00,552733.00,305.00,0,"Silver","Quarterly",true,"2026-09-08 22:19:50.738"
"POL-00098","CUST-00191","AGT-0005","Life","Expired","2026-03-16","2027-03-09",12605.00,884259.00,1889.00,0,"Gold","Annual",false,"2026-09-08 22:19:50.738"
"POL-00099","CUST-00129","AGT-0017","Home","Cancelled","2025-03-09","2027-09-01",3547.00,633959.00,2290.00,0,"Platinum","Monthly",false,"2026-09-08 22:19:50.738"
"POL-00100","CUST-00035","AGT-0008","Health","Active","2026-04-29","2027-04-21",8731.00,829921.00,548.00,0,"Bronze","Quarterly",false,"2026-09-08 22:19:50.738"
"POL-00101","CUST-00097","AGT-0011","Auto","Active","2025-08-08","2026-11-07",1795.00,817597.00,2630.00,0,"Silver","Annual",false,"2026-09-08 22:19:50.738"
"POL-00102","CUST-00077","AGT-0004","Life","Active","2025-04-15","2027-08-17",3447.00,438393.00,2386.00,0,"Gold","Monthly",true,"2026-09-08 22:19:50.738"
"POL-00103","CUST-00092","AGT-0019","Home","Expired","2025-08-05","2026-11-05",13312.00,151868.00,854.00,0,"Platinum","Quarterly",true,"2026-09-08 22:19:50.738"
"POL-00104","CUST-00013","AGT-0011","Health","Cancelled","2026-03-17","2026-10-24",7586.00,695085.00,3007.00,0,"Bronze","Annual",false,"2026-09-08 22:19:50.738"
"POL-00105","CUST-00097","AGT-0007","Auto","Active","2026-04-25","2026-10-21",1242.00,269449.00,2039.00,0,"Silver","Monthly",false,"2026-09-08 22:19:50.738"
"POL-00106","CUST-00154","AGT-0007","Life","Active","2024-09-20","2027-08-23",4372.00,116361.00,4420.00,0,"Gold","Quarterly",false,"2026-09-08 22:19:50.738"
"POL-00107","CUST-00051","AGT-0017","Home","Active","2025-09-07","2027-06-29",1112.00,344707.00,710.00,0,"Platinum","Annual",true,"2026-09-08 22:19:50.738"
"POL-00108","CUST-00071","AGT-0002","Health","Expired","2026-04-16","2027-04-06",7680.00,399399.00,4607.00,0,"Bronze","Monthly",false,"2026-09-08 22:19:50.738"
"POL-00109","CUST-00149","AGT-0007","Auto","Cancelled","2025-05-21","2027-06-30",5811.00,487528.00,4161.00,0.18,"Silver","Quarterly",true,"2026-09-08 22:19:50.738"
"POL-00110","CUST-00180","AGT-0017","Life","Active","2026-05-20","2027-06-17",9721.00,72843.00,1488.00,0,"Gold","Annual",true,"2026-09-08 22:19:50.738"
"POL-00111","CUST-00035","AGT-0008","Home","Active","2024-12-11","2027-06-01",978.00,161235.00,1794.00,0,"Platinum","Monthly",false,"2026-09-08 22:19:50.738"
"POL-00112","CUST-00133","AGT-0017","Health","Active","2025-03-15","2027-02-22",1141.00,400573.00,1244.00,0,"Bronze","Quarterly",true,"2026-09-08 22:19:50.738"
"POL-00113","CUST-00063","AGT-0010","Auto","Expired","2024-12-17","2027-02-23",9707.00,619068.00,4465.00,0,"Silver","Annual",false,"2026-09-08 22:19:50.738"
"POL-00114","CUST-00012","AGT-0010","Life","Cancelled","2025-02-20","2026-12-08",7489.00,336834.00,3413.00,0,"Gold","Monthly",true,"2026-09-08 22:19:50.738"
"POL-00115","CUST-00175","AGT-0013","Home","Active","2025-10-24","2027-08-29",7726.00,376193.00,3539.00,0,"Platinum","Quarterly",true,"2026-09-08 22:19:50.738"
"POL-00116","CUST-00133","AGT-0008","Health","Active","2025-02-28","2026-11-21",13951.00,303533.00,3214.00,0.13,"Bronze","Annual",true,"2026-09-08 22:19:50.738"
"POL-00117","CUST-00018","AGT-0007","Auto","Active","2024-10-08","2027-05-15",7144.00,684092.00,4214.00,0,"Silver","Monthly",true,"2026-09-08 22:19:50.738"
"POL-00118","CUST-00199","AGT-0019","Life","Expired","2026-06-09","2026-11-18",7430.00,950218.00,4551.00,3,"Gold","Quarterly",true,"2026-09-08 22:19:50.738"
"POL-00119","CUST-00003","AGT-0016","Home","Cancelled","2024-11-20","2027-07-24",13146.00,63729.00,4504.00,3,"Platinum","Annual",false,"2026-09-08 22:19:50.738"
"POL-00120","CUST-00032","AGT-0017","Health","Active","2025-08-12","2027-02-06",11990.00,870014.00,1216.00,1.48,"Bronze","Monthly",false,"2026-09-08 22:19:50.738"
"POL-00121","CUST-00188","AGT-0013","Auto","Active","2025-06-16","2026-12-08",8190.00,437891.00,1401.00,0,"Silver","Quarterly",false,"2026-09-08 22:19:50.738"
"POL-00122","CUST-00165","AGT-0008","Life","Active","2025-02-01","2026-12-18",9276.00,975588.00,2983.00,0,"Gold","Annual",false,"2026-09-08 22:19:50.738"
"POL-00123","CUST-00009","AGT-0010","Home","Expired","2024-12-29","2027-06-01",8597.00,76813.00,858.00,0,"Platinum","Monthly",false,"2026-09-08 22:19:50.738"
"POL-00124","CUST-00076","AGT-0000","Health","Cancelled","2026-03-09","2027-01-08",12830.00,907131.00,2347.00,0,"Bronze","Quarterly",true,"2026-09-08 22:19:50.738"
"POL-00125","CUST-00189","AGT-0018","Auto","Active","2025-03-04","2027-02-17",8668.00,318673.00,2089.00,0.06,"Silver","Annual",true,"2026-09-08 22:19:50.738"
"POL-00126","CUST-00062","AGT-0007","Life","Active","2026-04-08","2027-08-31",3468.00,66082.00,4421.00,0,"Gold","Monthly",true,"2026-09-08 22:19:50.738"
"POL-00127","CUST-00102","AGT-0009","Home","Active","2024-09-13","2026-10-22",11665.00,515854.00,3900.00,0,"Platinum","Quarterly",false,"2026-09-08 22:19:50.738"
"POL-00128","CUST-00152","AGT-0016","Health","Expired","2026-02-28","2027-04-19",3707.00,137277.00,1394.00,0,"Bronze","Annual",false,"2026-09-08 22:19:50.738"
"POL-00129","CUST-00084","AGT-0015","Auto","Cancelled","2024-10-26","2027-02-13",14658.00,350645.00,4324.00,0,"Silver","Monthly",true,"2026-09-08 22:19:50.738"
"POL-00130","CUST-00113","AGT-0007","Life","Active","2024-10-26","2027-07-16",3733.00,683157.00,1237.00,0,"Gold","Quarterly",false,"2026-09-08 22:19:50.738"
"POL-00131","CUST-00154","AGT-0015","Home","Active","2024-09-28","2027-03-30",5174.00,264806.00,310.00,0,"Platinum","Annual",true,"2026-09-08 22:19:50.738"
"POL-00132","CUST-00059","AGT-0003","Health","Active","2024-10-24","2027-09-05",14922.00,502282.00,584.00,0,"Bronze","Monthly",false,"2026-09-08 22:19:50.738"
"POL-00133","CUST-00139","AGT-0003","Auto","Expired","2024-11-13","2027-05-17",13236.00,991775.00,4340.00,0,"Silver","Quarterly",false,"2026-09-08 22:19:50.738"
"POL-00134","CUST-00037","AGT-0004","Life","Cancelled","2025-02-19","2027-03-09",2429.00,383983.00,1296.00,1.5,"Gold","Annual",true,"2026-09-08 22:19:50.738"
"POL-00135","CUST-00163","AGT-0004","Home","Active","2024-11-25","2027-07-10",6307.00,686555.00,4351.00,3,"Platinum","Monthly",false,"2026-09-08 22:19:50.738"
"POL-00136","CUST-00150","AGT-0002","Health","Active","2024-09-16","2027-01-15",8417.00,929673.00,529.00,0,"Bronze","Quarterly",true,"2026-09-08 22:19:50.738"
"POL-00137","CUST-00044","AGT-0008","Auto","Active","2024-12-25","2027-04-18",4221.00,153770.00,1267.00,0,"Silver","Annual",true,"2026-09-08 22:19:50.738"
"POL-00138","CUST-00090","AGT-0019","Life","Expired","2026-06-27","2027-06-01",7269.00,447941.00,334.00,3,"Gold","Monthly",false,"2026-09-08 22:19:50.738"
"POL-00139","CUST-00070","AGT-0008","Home","Cancelled","2025-07-23","2027-04-04",9887.00,679855.00,4186.00,0,"Platinum","Quarterly",true,"2026-09-08 22:19:50.738"
"POL-00140","CUST-00019","AGT-0019","Health","Active","2025-07-06","2027-07-27",1473.00,563417.00,1540.00,0,"Bronze","Annual",false,"2026-09-08 22:19:50.738"
"POL-00141","CUST-00179","AGT-0008","Auto","Active","2025-04-23","2027-07-09",4824.00,260350.00,3072.00,0,"Silver","Monthly",true,"2026-09-08 22:19:50.738"
"POL-00142","CUST-00198","AGT-0009","Life","Active","2026-02-20","2027-03-16",9681.00,459475.00,303.00,3,"Gold","Quarterly",false,"2026-09-08 22:19:50.738"
"POL-00143","CUST-00193","AGT-0017","Home","Expired","2026-01-16","2026-11-24",4136.00,533878.00,1567.00,0,"Platinum","Annual",false,"2026-09-08 22:19:50.738"
"POL-00144","CUST-00092","AGT-0013","Health","Cancelled","2026-07-02","2027-04-17",2976.00,633418.00,4879.00,3,"Bronze","Monthly",true,"2026-09-08 22:19:50.738"
"POL-00145","CUST-00072","AGT-0010","Auto","Active","2025-08-16","2027-09-08",10845.00,211865.00,4660.00,0,"Silver","Quarterly",false,"2026-09-08 22:19:50.738"
"POL-00146","CUST-00075","AGT-0019","Life","Active","2024-11-12","2026-12-29",8748.00,709115.00,1914.00,0,"Gold","Annual",false,"2026-09-08 22:19:50.738"
"POL-00147","CUST-00193","AGT-0011","Home","Active","2026-07-16","2026-12-23",13933.00,678314.00,3480.00,1.59,"Platinum","Monthly",true,"2026-09-08 22:19:50.738"
"POL-00148","CUST-00134","AGT-0007","Health","Expired","2025-06-27","2027-01-25",7182.00,948232.00,4720.00,3,"Bronze","Quarterly",true,"2026-09-08 22:19:50.738"
"POL-00149","CUST-00191","AGT-0016","Auto","Cancelled","2025-09-10","2027-01-07",13051.00,667358.00,1628.00,0,"Silver","Annual",true,"2026-09-08 22:19:50.738"
"POL-00150","CUST-00122","AGT-0012","Life","Active","2025-01-02","2026-11-19",10018.00,204425.00,3313.00,0,"Gold","Monthly",false,"2026-09-08 22:19:50.738"
"POL-00151","CUST-00021","AGT-0010","Home","Active","2026-07-24","2027-02-15",6500.00,726796.00,3713.00,0,"Platinum","Quarterly",false,"2026-09-08 22:19:50.738"
"POL-00152","CUST-00064","AGT-0019","Health","Active","2024-10-11","2027-02-20",10751.00,547509.00,2650.00,0,"Bronze","Annual",false,"2026-09-08 22:19:50.738"
"POL-00153","CUST-00165","AGT-0007","Auto","Expired","2025-11-01","2027-07-04",1650.00,870377.00,3087.00,0,"Silver","Monthly",false,"2026-09-08 22:19:50.738"
"POL-00154","CUST-00172","AGT-0003","Life","Cancelled","2025-10-16","2027-05-06",3598.00,334048.00,4647.00,0,"Gold","Quarterly",true,"2026-09-08 22:19:50.738"
"POL-00155","CUST-00098","AGT-0016","Home","Active","2025-07-28","2026-11-02",5253.00,585326.00,2067.00,0,"Platinum","Annual",true,"2026-09-08 22:19:50.738"
"POL-00156","CUST-00134","AGT-0002","Health","Active","2026-05-10","2027-08-03",10459.00,852082.00,2949.00,3,"Bronze","Monthly",false,"2026-09-08 22:19:50.738"
"POL-00157","CUST-00077","AGT-0001","Auto","Active","2025-12-28","2027-06-10",13542.00,935307.00,1103.00,0,"Silver","Quarterly",true,"2026-09-08 22:19:50.738"
"POL-00158","CUST-00002","AGT-0006","Life","Expired","2025-09-17","2027-02-01",4479.00,466801.00,1707.00,3,"Gold","Annual",true,"2026-09-08 22:19:50.738"
"POL-00159","CUST-00157","AGT-0016","Home","Cancelled","2024-09-15","2027-07-30",5623.00,295393.00,3928.00,0,"Platinum","Monthly",true,"2026-09-08 22:19:50.738"
"POL-00160","CUST-00124","AGT-0013","Health","Active","2026-02-13","2026-12-01",14794.00,930775.00,1243.00,0,"Bronze","Quarterly",false,"2026-09-08 22:19:50.738"
"POL-00161","CUST-00077","AGT-0015","Auto","Active","2025-08-10","2027-03-24",5591.00,608201.00,2096.00,0,"Silver","Annual",true,"2026-09-08 22:19:50.738"
"POL-00162","CUST-00006","AGT-0009","Life","Active","2025-09-01","2027-01-01",4737.00,608839.00,4734.00,3,"Gold","Monthly",true,"2026-09-08 22:19:50.738"
"POL-00163","CUST-00164","AGT-0000","Home","Expired","2026-03-04","2027-03-25",10402.00,449887.00,450.00,3,"Platinum","Quarterly",true,"2026-09-08 22:19:50.738"
"POL-00164","CUST-00144","AGT-0009","Health","Cancelled","2025-03-20","2027-04-19",3896.00,997541.00,2098.00,0,"Bronze","Annual",false,"2026-09-08 22:19:50.738"
"POL-00165","CUST-00099","AGT-0010","Auto","Active","2025-07-30","2027-01-29",11391.00,89371.00,2742.00,0,"Silver","Monthly",false,"2026-09-08 22:19:50.738"
"POL-00166","CUST-00098","AGT-0010","Life","Active","2026-02-24","2027-01-01",10327.00,178765.00,2265.00,2.74,"Gold","Quarterly",false,"2026-09-08 22:19:50.738"
"POL-00167","CUST-00112","AGT-0006","Home","Active","2025-07-08","2026-12-08",6748.00,321948.00,1630.00,0,"Platinum","Annual",true,"2026-09-08 22:19:50.738"
"POL-00168","CUST-00080","AGT-0000","Health","Expired","2026-04-04","2027-03-07",9822.00,696622.00,2301.00,0,"Bronze","Monthly",false,"2026-09-08 22:19:50.738"
"POL-00169","CUST-00064","AGT-0016","Auto","Cancelled","2026-02-14","2027-03-08",9231.00,215657.00,4899.00,3,"Silver","Quarterly",false,"2026-09-08 22:19:50.738"
"POL-00170","CUST-00036","AGT-0016","Life","Active","2026-02-12","2027-06-01",14942.00,91528.00,2263.00,0,"Gold","Annual",true,"2026-09-08 22:19:50.738"
"POL-00171","CUST-00191","AGT-0017","Home","Active","2024-12-08","2027-03-23",5806.00,863805.00,4129.00,0,"Platinum","Monthly",true,"2026-09-08 22:19:50.738"
"POL-00172","CUST-00036","AGT-0003","Health","Active","2026-01-27","2027-08-22",12817.00,361142.00,3074.00,0,"Bronze","Quarterly",true,"2026-09-08 22:19:50.738"
"POL-00173","CUST-00192","AGT-0011","Auto","Expired","2025-01-21","2026-10-12",8060.00,461195.00,1068.00,0,"Silver","Annual",true,"2026-09-08 22:19:50.738"
"POL-00174","CUST-00110","AGT-0008","Life","Cancelled","2025-12-16","2027-01-10",5469.00,485081.00,1208.00,0,"Gold","Monthly",false,"2026-09-08 22:19:50.738"
"POL-00175","CUST-00127","AGT-0003","Home","Active","2025-03-01","2027-03-30",13784.00,846091.00,906.00,3,"Platinum","Quarterly",false,"2026-09-08 22:19:50.738"
"POL-00176","CUST-00077","AGT-0016","Health","Active","2026-02-04","2027-02-27",11963.00,397360.00,474.00,0,"Bronze","Annual",false,"2026-09-08 22:19:50.738"
"POL-00177","CUST-00121","AGT-0018","Auto","Active","2026-02-01","2027-06-18",12153.00,376551.00,1748.00,2.91,"Silver","Monthly",true,"2026-09-08 22:19:50.738"
"POL-00178","CUST-00095","AGT-0018","Life","Expired","2026-05-25","2027-04-17",5850.00,423998.00,944.00,3,"Gold","Quarterly",true,"2026-09-08 22:19:50.738"
"POL-00179","CUST-00122","AGT-0016","Home","Cancelled","2026-03-31","2027-02-05",12772.00,836798.00,3617.00,2.77,"Platinum","Annual",true,"2026-09-08 22:19:50.738"
"POL-00180","CUST-00024","AGT-0003","Health","Active","2025-11-26","2027-04-29",8040.00,503811.00,2809.00,0,"Bronze","Monthly",false,"2026-09-08 22:19:50.738"
"POL-00181","CUST-00136","AGT-0013","Auto","Active","2026-07-31","2027-08-08",7867.00,354105.00,2514.00,0,"Silver","Quarterly",false,"2026-09-08 22:19:50.738"
"POL-00182","CUST-00057","AGT-0006","Life","Active","2026-06-29","2026-12-27",1671.00,605125.00,1582.00,3,"Gold","Annual",false,"2026-09-08 22:19:50.738"
"POL-00183","CUST-00199","AGT-0012","Home","Expired","2024-10-10","2027-08-14",13117.00,684920.00,404.00,0,"Platinum","Monthly",true,"2026-09-08 22:19:50.738"
"POL-00184","CUST-00087","AGT-0016","Health","Cancelled","2024-12-20","2027-07-05",11218.00,162913.00,3540.00,0.89,"Bronze","Quarterly",false,"2026-09-08 22:19:50.738"
"POL-00185","CUST-00147","AGT-0019","Auto","Active","2026-05-02","2027-09-07",8454.00,342470.00,2050.00,0,"Silver","Annual",true,"2026-09-08 22:19:50.738"
"POL-00186","CUST-00125","AGT-0012","Life","Active","2025-09-09","2026-11-05",14861.00,603473.00,2004.00,0.47,"Gold","Monthly",true,"2026-09-08 22:19:50.738"
"POL-00187","CUST-00131","AGT-0015","Home","Active","2026-01-26","2026-11-18",14663.00,886979.00,4823.00,0,"Platinum","Quarterly",true,"2026-09-08 22:19:50.738"
"POL-00188","CUST-00113","AGT-0007","Health","Expired","2025-10-03","2027-04-23",9872.00,114865.00,4691.00,0,"Bronze","Annual",true,"2026-09-08 22:19:50.738"
"POL-00189","CUST-00061","AGT-0007","Auto","Cancelled","2026-05-02","2027-03-18",5581.00,358412.00,4236.00,3,"Silver","Monthly",true,"2026-09-08 22:19:50.738"
"POL-00190","CUST-00116","AGT-0015","Life","Active","2026-07-11","2027-07-08",9341.00,380924.00,3646.00,0,"Gold","Quarterly",true,"2026-09-08 22:19:50.738"
"POL-00191","CUST-00080","AGT-0013","Home","Active","2025-08-27","2026-12-23",676.00,175410.00,3807.00,3,"Platinum","Annual",true,"2026-09-08 22:19:50.738"
"POL-00192","CUST-00043","AGT-0003","Health","Active","2025-09-18","2027-04-12",8796.00,731239.00,2124.00,0,"Bronze","Monthly",true,"2026-09-08 22:19:50.738"
"POL-00193","CUST-00018","AGT-0000","Auto","Expired","2025-08-30","2027-04-05",12101.00,202517.00,4107.00,0,"Silver","Quarterly",true,"2026-09-08 22:19:50.738"
"POL-00194","CUST-00049","AGT-0008","Life","Cancelled","2025-04-23","2027-06-16",14995.00,973397.00,3432.00,0,"Gold","Annual",true,"2026-09-08 22:19:50.738"
"POL-00195","CUST-00176","AGT-0004","Home","Active","2024-10-02","2027-06-12",5409.00,106291.00,1713.00,0,"Platinum","Monthly",true,"2026-09-08 22:19:50.738"
"POL-00196","CUST-00130","AGT-0012","Health","Active","2025-05-20","2027-05-04",13203.00,847089.00,3415.00,0,"Bronze","Quarterly",true,"2026-09-08 22:19:50.738"
"POL-00197","CUST-00055","AGT-0013","Auto","Active","2024-09-26","2027-06-01",11159.00,300461.00,1620.00,0,"Silver","Annual",false,"2026-09-08 22:19:50.738"
"POL-00198","CUST-00100","AGT-0006","Life","Expired","2025-05-15","2027-08-20",2795.00,371954.00,2530.00,3,"Gold","Monthly",true,"2026-09-08 22:19:50.738"
"POL-00199","CUST-00096","AGT-0006","Home","Cancelled","2024-12-24","2026-11-10",591.00,982164.00,3937.00,3,"Platinum","Quarterly",false,"2026-09-08 22:19:50.738"
"POL-00200","CUST-00087","AGT-0001","Health","Active","2026-06-07","2027-09-07",865.00,392612.00,3959.00,3,"Bronze","Annual",false,"2026-09-08 22:19:50.738"
"POL-00201","CUST-00156","AGT-0000","Auto","Active","2026-02-23","2027-05-25",4306.00,994046.00,3347.00,3,"Silver","Monthly",false,"2026-09-08 22:19:50.738"
"POL-00202","CUST-00133","AGT-0003","Life","Active","2025-12-20","2026-12-06",7576.00,370273.00,2645.00,0,"Gold","Quarterly",true,"2026-09-08 22:19:50.738"
"POL-00203","CUST-00147","AGT-0013","Home","Expired","2026-05-30","2027-03-02",2891.00,176261.00,1814.00,0,"Platinum","Annual",true,"2026-09-08 22:19:50.738"
"POL-00204","CUST-00101","AGT-0003","Health","Cancelled","2025-08-15","2027-04-23",5138.00,606023.00,2354.00,3,"Bronze","Monthly",true,"2026-09-08 22:19:50.738"
"POL-00205","CUST-00014","AGT-0007","Auto","Active","2025-05-06","2027-01-08",2766.00,140440.00,4301.00,0,"Silver","Quarterly",false,"2026-09-08 22:19:50.738"
"POL-00206","CUST-00081","AGT-0000","Life","Active","2024-10-06","2027-03-05",2043.00,227524.00,3591.00,0,"Gold","Annual",false,"2026-09-08 22:19:50.738"
"POL-00207","CUST-00184","AGT-0019","Home","Active","2026-06-17","2027-06-15",6205.00,804829.00,3584.00,3,"Platinum","Monthly",true,"2026-09-08 22:19:50.738"
"POL-00208","CUST-00164","AGT-0011","Health","Expired","2025-09-02","2027-01-25",6756.00,533594.00,1708.00,0,"Bronze","Quarterly",false,"2026-09-08 22:19:50.738"
"POL-00209","CUST-00114","AGT-0000","Auto","Cancelled","2025-08-26","2027-04-07",9930.00,858739.00,4578.00,0,"Silver","Annual",true,"2026-09-08 22:19:50.738"
"POL-00210","CUST-00026","AGT-0005","Life","Active","2025-03-15","2026-10-17",8270.00,413095.00,3002.00,3,"Gold","Monthly",false,"2026-09-08 22:19:50.738"
"POL-00211","CUST-00113","AGT-0006","Home","Active","2024-10-15","2027-07-23",11242.00,797882.00,4443.00,3,"Platinum","Quarterly",true,"2026-09-08 22:19:50.738"
"POL-00212","CUST-00094","AGT-0016","Health","Active","2024-10-23","2027-07-15",12687.00,375076.00,1851.00,0,"Bronze","Annual",false,"2026-09-08 22:19:50.738"
"POL-00213","CUST-00170","AGT-0008","Auto","Expired","2025-06-20","2026-12-02",4011.00,914023.00,3618.00,0.43,"Silver","Monthly",true,"2026-09-08 22:19:50.738"
"POL-00214","CUST-00042","AGT-0006","Life","Cancelled","2025-08-07","2026-12-09",13315.00,558401.00,2036.00,0,"Gold","Quarterly",false,"2026-09-08 22:19:50.738"
"POL-00215","CUST-00149","AGT-0002","Home","Active","2025-02-27","2027-04-13",7567.00,544950.00,579.00,0,"Platinum","Annual",false,"2026-09-08 22:19:50.738"
"POL-00216","CUST-00156","AGT-0011","Health","Active","2025-09-13","2026-11-21",901.00,787205.00,1514.00,0,"Bronze","Monthly",false,"2026-09-08 22:19:50.738"
"POL-00217","CUST-00143","AGT-0000","Auto","Active","2024-11-01","2027-03-04",12121.00,185064.00,903.00,0,"Silver","Quarterly",false,"2026-09-08 22:19:50.738"
"POL-00218","CUST-00009","AGT-0000","Life","Expired","2025-08-10","2027-08-16",3256.00,552848.00,500.00,3,"Gold","Annual",false,"2026-09-08 22:19:50.738"
"POL-00219","CUST-00100","AGT-0018","Home","Cancelled","2025-01-23","2027-04-15",11897.00,742416.00,866.00,0,"Platinum","Monthly",true,"2026-09-08 22:19:50.738"
"POL-00220","CUST-00035","AGT-0006","Health","Active","2026-03-13","2027-01-24",1122.00,210084.00,2866.00,0,"Bronze","Quarterly",false,"2026-09-08 22:19:50.738"
"POL-00221","CUST-00154","AGT-0004","Auto","Active","2024-11-12","2027-07-21",6335.00,137917.00,4220.00,0.26,"Silver","Annual",false,"2026-09-08 22:19:50.738"
"POL-00222","CUST-00189","AGT-0019","Life","Active","2025-06-06","2027-01-10",861.00,828658.00,3465.00,3,"Gold","Monthly",false,"2026-09-08 22:19:50.738"
"POL-00223","CUST-00088","AGT-0000","Home","Expired","2025-10-07","2027-04-10",14644.00,63944.00,260.00,0,"Platinum","Quarterly",true,"2026-09-08 22:19:50.738"
"POL-00224","CUST-00053","AGT-0007","Health","Cancelled","2026-01-23","2027-04-17",7494.00,68864.00,4894.00,0,"Bronze","Annual",false,"2026-09-08 22:19:50.738"
"POL-00225","CUST-00085","AGT-0015","Auto","Active","2025-01-10","2026-12-05",14380.00,433917.00,2035.00,0,"Silver","Monthly",false,"2026-09-08 22:19:50.738"
"POL-00226","CUST-00041","AGT-0010","Life","Active","2024-10-19","2026-11-23",4893.00,997458.00,1247.00,3,"Gold","Quarterly",false,"2026-09-08 22:19:50.738"
"POL-00227","CUST-00180","AGT-0008","Home","Active","2025-01-08","2027-03-15",3162.00,256697.00,1071.00,0,"Platinum","Annual",false,"2026-09-08 22:19:50.738"
"POL-00228","CUST-00167","AGT-0002","Health","Expired","2025-03-21","2027-01-11",7538.00,159416.00,3912.00,0,"Bronze","Monthly",false,"2026-09-08 22:19:50.738"
"POL-00229","CUST-00187","AGT-0004","Auto","Cancelled","2026-01-11","2027-05-27",11792.00,856467.00,2970.00,0,"Silver","Quarterly",true,"2026-09-08 22:19:50.738"
"POL-00230","CUST-00012","AGT-0011","Life","Active","2025-01-04","2027-01-21",2215.00,957714.00,3620.00,0,"Gold","Annual",true,"2026-09-08 22:19:50.738"
"POL-00231","CUST-00095","AGT-0008","Home","Active","2024-12-09","2027-01-06",2899.00,495632.00,1259.00,0,"Platinum","Monthly",false,"2026-09-08 22:19:50.738"
"POL-00232","CUST-00032","AGT-0016","Health","Active","2025-12-05","2027-07-12",7283.00,272999.00,1393.00,3,"Bronze","Quarterly",false,"2026-09-08 22:19:50.738"
"POL-00233","CUST-00117","AGT-0012","Auto","Expired","2025-09-18","2027-01-08",5140.00,619384.00,1625.00,0,"Silver","Annual",false,"2026-09-08 22:19:50.738"
"POL-00234","CUST-00171","AGT-0011","Life","Cancelled","2025-04-22","2027-02-09",8240.00,622308.00,683.00,3,"Gold","Monthly",true,"2026-09-08 22:19:50.738"
"POL-00235","CUST-00187","AGT-0011","Home","Active","2025-03-22","2027-03-08",11896.00,817635.00,379.00,3,"Platinum","Quarterly",false,"2026-09-08 22:19:50.738"
"POL-00236","CUST-00145","AGT-0005","Health","Active","2025-08-09","2027-02-20",14937.00,462774.00,2531.00,0,"Bronze","Annual",false,"2026-09-08 22:19:50.738"
"POL-00237","CUST-00011","AGT-0016","Auto","Active","2025-03-27","2026-12-02",8693.00,815146.00,4233.00,0,"Silver","Monthly",true,"2026-09-08 22:19:50.738"
"POL-00238","CUST-00163","AGT-0011","Life","Expired","2025-02-27","2026-12-09",4103.00,460607.00,3609.00,3,"Gold","Quarterly",false,"2026-09-08 22:19:50.738"
"POL-00239","CUST-00040","AGT-0010","Home","Cancelled","2025-10-05","2027-02-10",8361.00,335082.00,2066.00,0,"Platinum","Annual",true,"2026-09-08 22:19:50.738"
"POL-00240","CUST-00116","AGT-0006","Health","Active","2025-07-20","2027-07-11",9324.00,285165.00,2479.00,0,"Bronze","Monthly",false,"2026-09-08 22:19:50.738"
"POL-00241","CUST-00037","AGT-0005","Auto","Active","2026-01-19","2027-03-13",2437.00,522376.00,4108.00,0,"Silver","Quarterly",false,"2026-09-08 22:19:50.738"
"POL-00242","CUST-00188","AGT-0018","Life","Active","2025-07-14","2027-02-13",11634.00,635035.00,4491.00,0,"Gold","Annual",false,"2026-09-08 22:19:50.738"
"POL-00243","CUST-00179","AGT-0017","Home","Expired","2025-03-30","2027-01-23",4666.00,711470.00,1242.00,3,"Platinum","Monthly",false,"2026-09-08 22:19:50.738"
"POL-00244","CUST-00196","AGT-0014","Health","Cancelled","2026-01-13","2027-05-24",12887.00,705348.00,2236.00,0.44,"Bronze","Quarterly",true,"2026-09-08 22:19:50.738"
"POL-00245","CUST-00105","AGT-0017","Auto","Active","2025-04-17","2027-03-03",14182.00,836172.00,3673.00,0,"Silver","Annual",false,"2026-09-08 22:19:50.738"
"POL-00246","CUST-00060","AGT-0013","Life","Active","2024-12-29","2026-10-21",11304.00,119634.00,2916.00,0,"Gold","Monthly",false,"2026-09-08 22:19:50.738"
"POL-00247","CUST-00003","AGT-0014","Home","Active","2025-06-10","2027-02-09",8484.00,296560.00,448.00,0,"Platinum","Quarterly",true,"2026-09-08 22:19:50.738"
"POL-00248","CUST-00040","AGT-0005","Health","Expired","2025-08-18","2027-06-14",1520.00,822212.00,4693.00,0,"Bronze","Annual",false,"2026-09-08 22:19:50.738"
"POL-00249","CUST-00026","AGT-0004","Auto","Cancelled","2025-03-10","2027-05-01",8246.00,155044.00,1835.00,0,"Silver","Monthly",true,"2026-09-08 22:19:50.738"
"POL-00250","CUST-00189","AGT-0017","Life","Active","2025-01-04","2027-08-21",6987.00,659693.00,4801.00,0,"Gold","Quarterly",true,"2026-09-08 22:19:50.738"
"POL-00251","CUST-00188","AGT-0007","Home","Active","2025-08-20","2027-02-27",13606.00,361157.00,4256.00,3,"Platinum","Annual",true,"2026-09-08 22:19:50.738"
"POL-00252","CUST-00041","AGT-0011","Health","Active","2024-11-16","2026-10-12",3807.00,268485.00,4762.00,0,"Bronze","Monthly",true,"2026-09-08 22:19:50.738"
"POL-00253","CUST-00119","AGT-0009","Auto","Expired","2024-10-07","2027-06-14",12168.00,682613.00,3794.00,1.28,"Silver","Quarterly",false,"2026-09-08 22:19:50.738"
"POL-00254","CUST-00126","AGT-0002","Life","Cancelled","2024-09-15","2027-06-14",13975.00,346076.00,2578.00,0,"Gold","Annual",true,"2026-09-08 22:19:50.738"
"POL-00255","CUST-00055","AGT-0006","Home","Active","2025-05-30","2027-07-15",5303.00,465556.00,2159.00,0,"Platinum","Monthly",true,"2026-09-08 22:19:50.738"
"POL-00256","CUST-00018","AGT-0002","Health","Active","2026-03-20","2026-12-28",9937.00,327739.00,1808.00,0,"Bronze","Quarterly",false,"2026-09-08 22:19:50.738"
"POL-00257","CUST-00075","AGT-0013","Auto","Active","2025-03-21","2027-06-24",14647.00,624555.00,403.00,0,"Silver","Annual",false,"2026-09-08 22:19:50.738"
"POL-00258","CUST-00191","AGT-0001","Life","Expired","2025-11-12","2027-07-09",12964.00,766146.00,3874.00,0,"Gold","Monthly",true,"2026-09-08 22:19:50.738"
"POL-00259","CUST-00010","AGT-0013","Home","Cancelled","2026-04-28","2027-06-19",7071.00,76592.00,3292.00,0,"Platinum","Quarterly",false,"2026-09-08 22:19:50.738"
"POL-00260","CUST-00137","AGT-0001","Health","Active","2026-04-22","2027-04-30",11496.00,238255.00,1469.00,0,"Bronze","Annual",true,"2026-09-08 22:19:50.738"
"POL-00261","CUST-00000","AGT-0004","Auto","Active","2025-10-05","2027-05-25",5895.00,599357.00,2201.00,0,"Silver","Monthly",true,"2026-09-08 22:19:50.738"
"POL-00262","CUST-00137","AGT-0002","Life","Active","2025-05-27","2026-11-15",7232.00,211922.00,1494.00,0.63,"Gold","Quarterly",false,"2026-09-08 22:19:50.738"
"POL-00263","CUST-00126","AGT-0017","Home","Expired","2024-10-31","2026-11-05",13188.00,526100.00,371.00,0,"Platinum","Annual",false,"2026-09-08 22:19:50.738"
"POL-00264","CUST-00127","AGT-0001","Health","Cancelled","2025-01-30","2027-07-23",13859.00,654229.00,3940.00,1.07,"Bronze","Monthly",true,"2026-09-08 22:19:50.738"
"POL-00265","CUST-00180","AGT-0016","Auto","Active","2025-03-12","2027-05-23",6972.00,845533.00,1849.00,0,"Silver","Quarterly",true,"2026-09-08 22:19:50.738"
"POL-00266","CUST-00014","AGT-0004","Life","Active","2025-12-31","2026-11-01",1626.00,771204.00,2354.00,0,"Gold","Annual",true,"2026-09-08 22:19:50.738"
"POL-00267","CUST-00005","AGT-0015","Home","Active","2025-01-05","2027-02-19",7985.00,957740.00,4909.00,3,"Platinum","Monthly",false,"2026-09-08 22:19:50.738"
"POL-00268","CUST-00103","AGT-0002","Health","Expired","2025-02-08","2027-05-13",6887.00,898258.00,3179.00,0,"Bronze","Quarterly",false,"2026-09-08 22:19:50.738"
"POL-00269","CUST-00146","AGT-0009","Auto","Cancelled","2025-10-12","2027-07-30",9323.00,330335.00,1779.00,3,"Silver","Annual",true,"2026-09-08 22:19:50.738"
"POL-00270","CUST-00108","AGT-0007","Life","Active","2025-08-30","2027-05-12",6688.00,73429.00,4021.00,3,"Gold","Monthly",false,"2026-09-08 22:19:50.738"
"POL-00271","CUST-00167","AGT-0007","Home","Active","2025-06-29","2027-03-19",602.00,567786.00,664.00,0,"Platinum","Quarterly",true,"2026-09-08 22:19:50.738"
"POL-00272","CUST-00024","AGT-0002","Health","Active","2024-12-28","2026-11-09",13022.00,546359.00,1653.00,0,"Bronze","Annual",false,"2026-09-08 22:19:50.738"
"POL-00273","CUST-00119","AGT-0001","Auto","Expired","2026-04-03","2026-12-16",1328.00,774256.00,2771.00,0,"Silver","Monthly",true,"2026-09-08 22:19:50.738"
"POL-00274","CUST-00038","AGT-0000","Life","Cancelled","2026-04-28","2027-03-28",6560.00,63345.00,2541.00,0,"Gold","Quarterly",true,"2026-09-08 22:19:50.738"
"POL-00275","CUST-00076","AGT-0017","Home","Active","2025-07-28","2027-08-17",14187.00,173977.00,4013.00,0,"Platinum","Annual",false,"2026-09-08 22:19:50.738"
"POL-00276","CUST-00048","AGT-0008","Health","Active","2026-02-11","2027-01-09",6416.00,677583.00,2358.00,0,"Bronze","Monthly",true,"2026-09-08 22:19:50.738"
"POL-00277","CUST-00121","AGT-0006","Auto","Active","2024-09-25","2027-05-18",10905.00,441310.00,513.00,3,"Silver","Quarterly",true,"2026-09-08 22:19:50.738"
"POL-00278","CUST-00122","AGT-0012","Life","Expired","2025-07-13","2027-07-28",7622.00,133933.00,459.00,0,"Gold","Annual",false,"2026-09-08 22:19:50.738"
"POL-00279","CUST-00145","AGT-0006","Home","Cancelled","2026-07-01","2027-03-15",13650.00,88555.00,4952.00,3,"Platinum","Monthly",false,"2026-09-08 22:19:50.738"
"POL-00280","CUST-00109","AGT-0017","Health","Active","2025-02-19","2027-02-28",11570.00,648474.00,715.00,0,"Bronze","Quarterly",false,"2026-09-08 22:19:50.738"
"POL-00281","CUST-00159","AGT-0003","Auto","Active","2025-04-28","2026-12-04",12344.00,667972.00,1810.00,1.37,"Silver","Annual",false,"2026-09-08 22:19:50.738"
"POL-00282","CUST-00020","AGT-0017","Life","Active","2026-07-28","2026-11-03",5252.00,388538.00,3656.00,0,"Gold","Monthly",true,"2026-09-08 22:19:50.738"
"POL-00283","CUST-00046","AGT-0003","Home","Expired","2025-06-13","2027-08-09",1709.00,532189.00,4171.00,0,"Platinum","Quarterly",true,"2026-09-08 22:19:50.738"
"POL-00284","CUST-00119","AGT-0009","Health","Cancelled","2025-04-23","2027-05-28",11239.00,293321.00,2171.00,0,"Bronze","Annual",false,"2026-09-08 22:19:50.738"
"POL-00285","CUST-00011","AGT-0007","Auto","Active","2025-12-24","2026-11-10",6751.00,736785.00,767.00,3,"Silver","Monthly",false,"2026-09-08 22:19:50.738"
"POL-00286","CUST-00174","AGT-0017","Life","Active","2025-10-31","2027-09-07",13643.00,336533.00,4305.00,0,"Gold","Quarterly",false,"2026-09-08 22:19:50.738"
"POL-00287","CUST-00119","AGT-0001","Home","Active","2026-07-15","2027-02-23",7466.00,388747.00,2240.00,0,"Platinum","Annual",true,"2026-09-08 22:19:50.738"
"POL-00288","CUST-00150","AGT-0000","Health","Expired","2025-09-23","2027-08-02",8059.00,689444.00,4273.00,0,"Bronze","Monthly",true,"2026-09-08 22:19:50.738"
"POL-00289","CUST-00061","AGT-0001","Auto","Cancelled","2026-02-14","2027-07-12",4464.00,252686.00,2100.00,3,"Silver","Quarterly",true,"2026-09-08 22:19:50.738"
"POL-00290","CUST-00059","AGT-0002","Life","Active","2025-09-07","2027-05-21",12197.00,752482.00,1118.00,2.49,"Gold","Annual",false,"2026-09-08 22:19:50.738"
"POL-00291","CUST-00078","AGT-0011","Home","Active","2026-01-09","2027-03-02",1447.00,655079.00,3817.00,0,"Platinum","Monthly",true,"2026-09-08 22:19:50.738"
"POL-00292","CUST-00188","AGT-0019","Health","Active","2025-03-05","2027-06-05",11865.00,848269.00,2846.00,0,"Bronze","Quarterly",false,"2026-09-08 22:19:50.738"
"POL-00293","CUST-00033","AGT-0011","Auto","Expired","2025-07-27","2027-08-30",8797.00,71805.00,4588.00,3,"Silver","Annual",true,"2026-09-08 22:19:50.738"
"POL-00294","CUST-00003","AGT-0015","Life","Cancelled","2026-07-10","2026-10-22",949.00,375334.00,4251.00,0,"Gold","Monthly",true,"2026-09-08 22:19:50.738"
"POL-00295","CUST-00161","AGT-0008","Home","Active","2025-04-09","2026-12-26",12131.00,580397.00,4877.00,0,"Platinum","Quarterly",true,"2026-09-08 22:19:50.738"
"POL-00296","CUST-00046","AGT-0006","Health","Active","2024-11-03","2027-04-11",12570.00,494861.00,1073.00,0,"Bronze","Annual",true,"2026-09-08 22:19:50.738"
"POL-00297","CUST-00035","AGT-0012","Auto","Active","2026-03-01","2026-10-23",9030.00,164846.00,4008.00,0,"Silver","Monthly",false,"2026-09-08 22:19:50.738"
"POL-00298","CUST-00108","AGT-0007","Life","Expired","2024-09-14","2026-11-03",563.00,570083.00,3517.00,0,"Gold","Quarterly",false,"2026-09-08 22:19:50.738"
"POL-00299","CUST-00029","AGT-0007","Home","Cancelled","2025-11-13","2027-06-24",6892.00,310307.00,3984.00,0,"Platinum","Annual",false,"2026-09-08 22:19:50.738"
